project_name,granularity,buggedType,versions,mean_components,mean_valids,mean_bugs,mean_buggy_percent,sum_components,sum_valids,sum_bugs,sum_buggy_percent,var_components,var_valids,var_bugs,var_buggy_percent,min_components,min_valids,min_bugs,min_buggy_percent,max_components,max_valids,max_bugs,max_buggy_percent
ABDERA.csv,Method,Most,3,8601.0,8593.3333333333339,7.666666666666667,0.00089152248175914772,25803.0,25780.0,23.0,0.002674567445277443,8.0,120.22222222222221,89.555555555555543,1.2112176308091133e-06,8599.0,8578.0,0.0,0.0,8605.0,8603.0,21.0,0.002442144435399465
ABDERA.csv,Method,All,3,8601.0,8575.3333333333339,25.666666666666668,0.0029842215301127428,25803.0,25726.0,77.0,0.008952664590338229,8.0,508.22222222222223,489.5555555555556,6.6211195227115614e-06,8599.0,8545.0,0.0,0.0,8605.0,8599.0,54.0,0.006279799976741482
ABDERA.csv,File,Most,3,1223.6666666666667,1218.6666666666667,5.0,0.0040858580190502652,3671.0,3656.0,15.0,0.012257574057150796,0.22222222222222224,20.222222222222218,20.666666666666668,1.3793098149463407e-05,1223.0,1213.0,0.0,0.0,1224.0,1224.0,11.0,0.008986928104575163
ABDERA.csv,File,All,3,1223.6666666666667,1214.0,9.6666666666666661,0.0078993848834164361,3671.0,3642.0,29.0,0.02369815465024931,0.22222222222222224,74.0,74.888888888888886,4.9981864811162096e-05,1223.0,1203.0,0.0,0.0,1224.0,1224.0,21.0,0.01715686274509804
BCEL.csv,Method,Most,5,5188.0,5179.1999999999998,8.8000000000000007,0.0014115184608143065,25940.0,25896.0,44.0,0.007057592304071532,1739244.8,1721043.3599999999,216.56,5.5874131727074978e-06,3573.0,3573.0,0.0,0.0,6286.0,6285.0,38.0,0.006102457041914244
BCEL.csv,Method,All,5,5188.0,4619.6000000000004,568.39999999999998,0.091271902252893736,25940.0,23098.0,2842.0,0.45635951126446866,1739244.8,1817166.6399999999,1259683.4399999999,0.032487944753848891,3573.0,3414.0,0.0,0.0,6286.0,6286.0,2813.0,0.4517424120764413
BCEL.csv,File,Most,5,840.60000000000002,832.79999999999995,7.7999999999999998,0.0088420052705766999,4203.0,4164.0,39.0,0.0442100263528835,3143.04,2722.96,228.16,0.00029331706655531939,772.0,772.0,0.0,0.0,889.0,889.0,38.0,0.04308390022675737
BCEL.csv,File,All,5,840.60000000000002,759.60000000000002,81.0,0.091832138260709698,4203.0,3798.0,405.0,0.4591606913035485,3143.04,22190.640000000003,25761.599999999999,0.033116644425642931,772.0,480.0,0.0,0.0,889.0,889.0,402.0,0.4557823129251701
BEAM.csv,Method,Most,12,37771.333333333336,37744.25,27.083333333333332,0.0006493808005221712,453256.0,452931.0,325.0,0.007792569606266054,67069507.55555556,66752117.354166664,743.40972222222229,2.8206284168796409e-07,25048.0,25045.0,3.0,0.00011977004152028106,54647.0,54553.0,94.0,0.0017201310227459878
BEAM.csv,Method,All,12,37771.333333333336,37608.75,162.58333333333334,0.0039932909150289997,453256.0,451305.0,1951.0,0.04791949098034799,67069507.55555556,65498816.6875,52212.243055555562,2.5294186280325453e-05,25048.0,25040.0,4.0,0.00010024308949201815,54647.0,53983.0,664.0,0.01665605501082389
BEAM.csv,File,Most,12,5679.666666666667,5671.166666666667,8.5,0.0015030960109942229,68156.0,68054.0,102.0,0.018037152131930675,1347666.7222222222,1342789.3055555555,32.083333333333336,8.6804475135787069e-07,3947.0,3945.0,2.0,0.0003276003276003276,8002.0,7980.0,22.0,0.002926115581565472
BEAM.csv,File,All,12,5679.666666666667,5631.5,48.166666666666664,0.0077640223281416508,68156.0,67578.0,578.0,0.0931682679376998,1347666.7222222222,1275599.4166666667,3731.9722222222222,7.5159499847456384e-05,3947.0,3943.0,4.0,0.0010134279199391944,8002.0,7811.0,191.0,0.02848153667825799
BEANUTILS.csv,Method,Most,18,2745.1111111111113,2742.8888888888887,2.2222222222222223,0.00080072019560281616,49412.0,49372.0,40.0,0.014412963520850693,387766.2098765432,387123.32098765433,20.283950617283953,3.0080534546554963e-06,2380.0,2380.0,0.0,0.0,4619.0,4614.0,17.0,0.006568778979907265
BEANUTILS.csv,Method,All,18,2745.1111111111113,2735.5555555555557,9.5555555555555554,0.0037302464642307645,49412.0,49240.0,172.0,0.06714443635615376,387766.2098765432,392004.46913580247,1093.1358024691358,0.00017338550253620042,2380.0,2367.0,0.0,0.0,4619.0,4618.0,145.0,0.057722929936305734
BEANUTILS.csv,File,Most,18,289.66666666666669,288.16666666666669,1.5,0.0053788773821432543,5214.0,5187.0,27.0,0.09681979287857856,12058.777777777777,12011.472222222223,6.3611111111111107,0.00010160369324370402,226.0,226.0,0.0,0.0,501.0,498.0,8.0,0.03305785123966942
BEANUTILS.csv,File,All,18,289.66666666666669,283.66666666666669,6.0,0.01986423441636689,5214.0,5106.0,108.0,0.35755621949460403,12058.777777777777,11581.333333333334,136.22222222222223,0.0015903308198281035,226.0,201.0,0.0,0.0,501.0,496.0,36.0,0.14102564102564102
BOOKKEEPER.csv,Method,Most,20,11424.75,11362.65,62.100000000000001,0.0079540685164326361,228495.0,227253.0,1242.0,0.15908137032865274,30686863.387499999,30891122.527500004,6018.3900000000003,0.00010093858108310881,2974.0,2884.0,1.0,5.1802735184417735e-05,20176.0,20172.0,332.0,0.030520316234601948
BOOKKEEPER.csv,Method,All,20,11424.75,10665.700000000001,759.04999999999995,0.096782038000200576,228495.0,213314.0,15181.0,1.9356407600040113,30686863.387499999,33729410.810000002,817249.44750000001,0.015343909930524998,2974.0,1993.0,10.0,0.0005792064871126556,20176.0,20029.0,3821.0,0.43245372193777076
BOOKKEEPER.csv,File,Most,20,1604.6500000000001,1574.0,30.649999999999999,0.037245409269217641,32093.0,31480.0,613.0,0.7449081853843529,1226850.0275000001,1253276.6000000001,980.52749999999992,0.0019139612181287395,358.0,315.0,1.0,0.0003118178983473651,3373.0,3370.0,114.0,0.137524557956778
BOOKKEEPER.csv,File,All,20,1604.6500000000001,1447.05,157.59999999999999,0.15108031892812346,32093.0,28941.0,3152.0,3.021606378562469,1226850.0275000001,1293749.2475000001,31436.139999999996,0.024222565650526544,358.0,223.0,3.0,0.0010442046641141664,3373.0,3331.0,735.0,0.5632183908045977
BSF.csv,Method,Most,2,1112.0,1112.0,0.0,0.0,2224.0,2224.0,0.0,0.0,0.0,0.0,0.0,0.0,1112.0,1112.0,0.0,0.0,1112.0,1112.0,0.0,0.0
BSF.csv,Method,All,2,1112.0,1112.0,0.0,0.0,2224.0,2224.0,0.0,0.0,0.0,0.0,0.0,0.0,1112.0,1112.0,0.0,0.0,1112.0,1112.0,0.0,0.0
BSF.csv,File,Most,2,208.0,208.0,0.0,0.0,416.0,416.0,0.0,0.0,0.0,0.0,0.0,0.0,208.0,208.0,0.0,0.0,208.0,208.0,0.0,0.0
BSF.csv,File,All,2,208.0,208.0,0.0,0.0,416.0,416.0,0.0,0.0,0.0,0.0,0.0,0.0,208.0,208.0,0.0,0.0,208.0,208.0,0.0,0.0
CAMEL.csv,Method,Most,114,76904.026315789481,76807.482456140351,96.543859649122808,0.0016270390972230636,8767059.0,8756053.0,11006.0,0.18548245708342914,1270925856.3238688,1270769965.0040781,7688.546321945214,4.291089251910643e-06,15364.0,15364.0,0.0,0.0,140612.0,140580.0,560.0,0.012032964255017948
CAMEL.csv,Method,All,114,76904.026315789481,76047.210526315786,856.81578947368416,0.013866800473383289,8767059.0,8669382.0,97677.0,1.580815253965695,1270925856.3238688,1261648189.8153276,835973.00992613111,0.00038257519257659531,15364.0,15363.0,0.0,0.0,140612.0,140228.0,3983.0,0.1379240608726427
CAMEL.csv,File,Most,114,12506.82456140351,12414.535087719298,92.28947368421052,0.0094591408502305106,1425778.0,1415257.0,10521.0,1.078342056926279,30009176.355186213,30303866.231224991,102389.81971375809,0.0011615427024882421,2613.0,2613.0,0.0,0.0,21925.0,21908.0,3424.0,0.36125764929309984
CAMEL.csv,File,All,114,12506.82456140351,12231.903508771929,274.92105263157896,0.026441203728323513,1425778.0,1394437.0,31341.0,3.014297225028882,30009176.355186213,29594004.824022777,73864.458679593721,0.0011855958058294628,2613.0,2536.0,0.0,0.0,21925.0,21860.0,1352.0,0.2226179875333927
CHAIN.csv,Method,Most,2,1066.0,1062.0,4.0,0.0039177277179236044,2132.0,2124.0,8.0,0.007835455435847209,2025.0,2401.0,16.0,1.5348590471786892e-05,1021.0,1013.0,0.0,0.0,1111.0,1111.0,8.0,0.007835455435847209
CHAIN.csv,Method,All,2,1066.0,1061.0,5.0,0.0048971596474045058,2132.0,2122.0,10.0,0.009794319294809012,2025.0,2500.0,25.0,2.3982172612167024e-05,1021.0,1011.0,0.0,0.0,1111.0,1111.0,10.0,0.009794319294809012
CHAIN.csv,File,Most,2,124.5,120.5,4.0,0.03669724770642202,249.0,241.0,8.0,0.07339449541284404,240.25,380.25,16.0,0.0013466879892264961,109.0,101.0,0.0,0.0,140.0,140.0,8.0,0.07339449541284404
CHAIN.csv,File,All,2,124.5,120.5,4.0,0.03669724770642202,249.0,241.0,8.0,0.07339449541284404,240.25,380.25,16.0,0.0013466879892264961,109.0,101.0,0.0,0.0,140.0,140.0,8.0,0.07339449541284404
CLI.csv,Method,Most,5,447.0,431.39999999999998,15.6,0.028047338782952125,2235.0,2157.0,78.0,0.14023669391476062,40674.800000000003,37130.639999999999,494.63999999999999,0.0013053509545952074,73.0,73.0,0.0,0.0,631.0,573.0,58.0,0.0919175911251981
CLI.csv,Method,All,5,447.0,435.19999999999999,11.800000000000001,0.023611304666813215,2235.0,2176.0,59.0,0.11805652333406608,40674.800000000003,39251.760000000002,163.76000000000002,0.00063785902519880762,73.0,73.0,0.0,0.0,631.0,626.0,33.0,0.0586145648312611
CLI.csv,File,Most,5,56.200000000000003,54.399999999999999,1.8,0.02566347388170238,281.0,272.0,9.0,0.1283173694085119,698.96000000000004,641.44000000000005,2.9600000000000004,0.00045903891375532606,11.0,11.0,0.0,0.0,78.0,75.0,5.0,0.0641025641025641
CLI.csv,File,All,5,56.200000000000003,52.799999999999997,3.3999999999999999,0.049208189328856844,281.0,264.0,17.0,0.24604094664428422,698.96000000000004,602.55999999999995,10.639999999999999,0.0017909150847575811,11.0,11.0,0.0,0.0,78.0,75.0,9.0,0.12
CLK.csv,Method,Most,28,4605.0357142857147,4601.6428571428569,3.3928571428571428,0.00065678167550367074,128941.0,128846.0,95.0,0.01838988691410278,50175.605867346931,46411.658163265311,164.59566326530611,5.9440690234415375e-06,4535.0,4534.0,0.0,0.0,5397.0,5397.0,63.0,0.011673151750972763
CLK.csv,Method,All,28,4605.0357142857147,4569.9642857142853,35.071428571428569,0.0067855882165316333,128941.0,127959.0,982.0,0.18999647006288573,50175.605867346931,27213.748724489793,17795.066326530614,0.00064438595575694736,4535.0,4442.0,0.0,0.0,5397.0,5397.0,651.0,0.12062256809338522
CLK.csv,File,Most,28,471.07142857142856,468.85714285714283,2.2142857142857144,0.004263440559714813,13190.0,13128.0,62.0,0.11937633567201476,395.7806122448979,243.76530612244895,69.454081632653057,0.00024810182959207036,465.0,461.0,0.0,0.0,542.0,542.0,41.0,0.07564575645756458
CLK.csv,File,All,28,471.07142857142856,462.46428571428572,8.6071428571428577,0.016509634078971065,13190.0,12949.0,241.0,0.46226975421118977,395.7806122448979,608.3915816326529,1105.6670918367347,0.0039230195832845568,465.0,376.0,0.0,0.0,542.0,542.0,166.0,0.3062730627306273
COCOON.csv,Method,Most,15,21083.466666666667,21067.466666666667,16.0,0.00064302233891569383,316252.0,316012.0,240.0,0.009645335083735407,91184729.848888889,90944535.582222223,658.39999999999998,6.5459806529626419e-07,10738.0,10736.0,0.0,0.0,35969.0,35955.0,98.0,0.0027245683783257806
COCOON.csv,Method,All,15,21083.466666666667,20892.466666666667,191.0,0.0088954884420501985,316252.0,313387.0,2865.0,0.13343232663075294,91184729.848888889,89774189.315555573,103546.26666666666,0.00028672021671675686,10738.0,10703.0,0.0,0.0,35969.0,35957.0,949.0,0.06526373701946221
COCOON.csv,File,Most,15,3639.7333333333331,3628.9333333333334,10.800000000000001,0.0023638210544034014,54596.0,54434.0,162.0,0.03545731581605102,3866000.0622222223,3827977.9288888886,327.62666666666667,7.6179731760855095e-06,1366.0,1365.0,0.0,0.0,6673.0,6670.0,68.0,0.010190319196763074
COCOON.csv,File,All,15,3639.7333333333331,3591.3333333333335,48.399999999999999,0.012815032704825757,54596.0,53870.0,726.0,0.19222549057238636,3866000.0622222223,3778142.0888888896,5690.5066666666662,0.00041208173899801237,1366.0,1363.0,0.0,0.0,6673.0,6670.0,249.0,0.07161687170474516
COLLECTIONS.csv,Method,Most,14,9914.7857142857138,9908.0,6.7857142857142856,0.00067346838079479813,138807.0,138712.0,95.0,0.009428557331127173,9339025.025510205,9325117.5714285709,101.45408163265309,1.3349838393393856e-06,7936.0,7936.0,0.0,0.0,15088.0,15074.0,28.0,0.0033695245226506927
COLLECTIONS.csv,Method,All,14,9914.7857142857138,9841.9285714285706,72.857142857142861,0.0086427954492093121,138807.0,137787.0,1020.0,0.12099913628893037,9339025.025510205,9609322.0663265307,60527.551020408166,0.00086197715000027738,7936.0,7425.0,0.0,0.0,15088.0,15081.0,959.0,0.11438454198473283
COLLECTIONS.csv,File,Most,14,824.35714285714289,819.5,4.8571428571428568,0.0070590776786846133,11541.0,11473.0,68.0,0.09882708750158459,95827.3724489796,96694.107142857145,107.40816326530616,0.00027310127537280397,607.0,589.0,0.0,0.0,1337.0,1330.0,38.0,0.06003159557661927
COLLECTIONS.csv,File,All,14,824.35714285714289,798.35714285714289,26.0,0.037154975762823818,11541.0,11177.0,364.0,0.5201696606795334,95827.3724489796,101884.94387755102,3747.7142857142858,0.0096254716652418842,607.0,376.0,0.0,0.0,1337.0,1327.0,231.0,0.3805601317957166
COMPRESS.csv,Method,Most,33,2566.030303030303,2554.3333333333335,11.696969696969697,0.004928480734145149,84679.0,84293.0,386.0,0.1626398642267899,707613.48393021116,705233.31313131319,146.27180899908174,3.9733271497848441e-05,1204.0,1204.0,0.0,0.0,4223.0,4213.0,33.0,0.023529411764705882
COMPRESS.csv,Method,All,33,2566.030303030303,2515.3333333333335,50.696969696969695,0.020418368843398607,84679.0,83006.0,1673.0,0.6738061718321542,707613.48393021116,689413.13131313142,3631.7263544536277,0.00070164728902655726,1204.0,1204.0,0.0,0.0,4223.0,4184.0,224.0,0.10526315789473684
COMPRESS.csv,File,Most,33,275.42424242424244,269.87878787878788,5.5454545454545459,0.020597919841040448,9089.0,8906.0,183.0,0.6797313547543348,7163.4563820018366,6957.2580348943993,28.793388429752067,0.00051967723619211629,139.0,139.0,0.0,0.0,434.0,430.0,15.0,0.09090909090909091
COMPRESS.csv,File,All,33,275.42424242424244,262.39393939393938,13.030303030303031,0.04727615858154223,9089.0,8659.0,430.0,1.5601132331908936,7163.4563820018366,6617.1478420569329,163.60514233241503,0.0024890218594429111,139.0,131.0,0.0,0.0,434.0,418.0,38.0,0.14935064935064934
CSV.csv,Method,Most,7,1033.5714285714287,1030.8571428571429,2.7142857142857144,0.0025271594591661554,7235.0,7216.0,19.0,0.01769011621416309,4225.9591836734689,4001.8367346938771,10.204081632653059,8.4827854487622908e-06,964.0,963.0,0.0,0.0,1138.0,1136.0,9.0,0.008071748878923767
CSV.csv,Method,All,7,1033.5714285714287,1032.1428571428571,1.4285714285714286,0.0014066096141056984,7235.0,7225.0,10.0,0.00984626729873989,4225.9591836734689,4273.5510204081629,3.1020408163265309,3.0094262204243717e-06,964.0,961.0,0.0,0.0,1138.0,1137.0,5.0,0.00484027105517909
CSV.csv,File,Most,7,60.428571428571431,59.428571428571431,1.0,0.016368840048481492,423.0,416.0,7.0,0.11458188033937045,15.387755102040815,14.816326530612244,1.1428571428571428,0.00029679264780691324,56.0,55.0,0.0,0.0,66.0,66.0,3.0,0.04918032786885246
CSV.csv,File,All,7,60.428571428571431,59.428571428571431,1.0,0.016368840048481492,423.0,416.0,7.0,0.11458188033937045,15.387755102040815,14.816326530612244,1.1428571428571428,0.00029679264780691324,56.0,55.0,0.0,0.0,66.0,66.0,3.0,0.04918032786885246
CTAKES.csv,Method,Most,6,27.0,26.333333333333332,0.66666666666666663,0.019414495357891585,162.0,158.0,4.0,0.1164869721473495,1296.3333333333333,1248.5555555555557,0.55555555555555569,0.00047700608202354294,5.0,5.0,0.0,0.0,106.0,104.0,2.0,0.05
CTAKES.csv,Method,All,6,27.0,25.5,1.5,0.034037136867325547,162.0,153.0,9.0,0.2042228212039533,1296.3333333333333,1149.5833333333333,4.583333333333333,0.00142006679390768,5.0,5.0,0.0,0.0,106.0,100.0,6.0,0.1
CTAKES.csv,File,Most,6,1585.8333333333333,1571.6666666666667,14.166666666666666,0.0071640483847123688,9515.0,9430.0,85.0,0.04298429030827421,101854.13888888888,89100.555555555562,447.8055555555556,8.9267828196514608e-05,1401.0,1401.0,0.0,0.0,2291.0,2232.0,59.0,0.0257529463116543
CTAKES.csv,File,All,6,1585.8333333333333,1440.3333333333333,145.5,0.066948819943493887,9515.0,8642.0,873.0,0.4016929196609633,101854.13888888888,2295.5555555555552,81884.583333333328,0.015435541723088912,1401.0,1401.0,0.0,0.0,2291.0,1509.0,782.0,0.3413356612832824
CXFXJC.csv,Method,Most,17,208.05882352941177,207.8235294117647,0.23529411764705882,0.00090070861436011265,3537.0,3533.0,4.0,0.015312046444121916,4389.9377162629753,4365.4394463667813,0.53287197231833905,7.8579026811224306e-06,91.0,91.0,0.0,0.0,265.0,264.0,3.0,0.011538461538461539
CXFXJC.csv,Method,All,17,208.05882352941177,207.52941176470588,0.52941176470588236,0.0020105865277896353,3537.0,3528.0,9.0,0.0341799709724238,4389.9377162629753,4333.7785467128033,2.3667820069204151,3.3944250292080131e-05,91.0,91.0,0.0,0.0,265.0,261.0,6.0,0.022641509433962263
CXFXJC.csv,File,Most,17,38.941176470588232,38.764705882352942,0.17647058823529413,0.0039215686274509803,662.0,659.0,3.0,0.06666666666666667,73.114186851211088,71.238754325259507,0.26297577854671278,0.00012986458199837673,21.0,21.0,0.0,0.0,45.0,45.0,2.0,0.044444444444444446
CXFXJC.csv,File,All,17,38.941176470588232,38.588235294117645,0.35294117647058826,0.0078431372549019607,662.0,656.0,6.0,0.13333333333333333,73.114186851211088,69.889273356401389,1.0519031141868511,0.00051945832799350691,21.0,21.0,0.0,0.0,45.0,45.0,4.0,0.08888888888888889
DERBY.csv,Method,Most,27,31748.888888888891,31616.888888888891,132.0,0.0045573402393515898,857220.0,853656.0,3564.0,0.12304818646249292,39094000.172839507,39523481.283950619,10034.666666666666,1.739337803920835e-05,18895.0,18893.0,2.0,0.00010150223304912708,39414.0,39404.0,397.0,0.01808653712377684
DERBY.csv,Method,All,27,31748.888888888891,30664.222222222223,1084.6666666666667,0.035792738082147377,857220.0,827934.0,29286.0,0.9664039282179794,39094000.172839507,40524823.728395067,1480399.7777777775,0.0015312819532824786,18895.0,18326.0,2.0,0.00010584810796507012,39414.0,39239.0,5998.0,0.15637302187345203
DERBY.csv,File,Most,27,2665.9259259259261,2603.037037037037,62.888888888888886,0.024874135857429855,71980.0,70282.0,1698.0,0.6716016681506061,184485.2537722908,194255.66529492455,1867.1358024691358,0.00037809465018895556,1730.0,1728.0,1.0,0.0005780346820809249,3078.0,3045.0,178.0,0.07872622733303848
DERBY.csv,File,All,27,2665.9259259259261,2271.8888888888887,394.03703703703701,0.15611863108213597,71980.0,61341.0,10639.0,4.215203039217671,184485.2537722908,377688.69135802466,148679.07270233196,0.02916171237555161,1730.0,454.0,1.0,0.0005780346820809249,3078.0,2929.0,1546.0,0.773
DIGESTER.csv,Method,Most,19,1661.6842105263158,1660.5263157894738,1.1578947368421053,0.00073291907627264776,31572.0,31550.0,22.0,0.013925462449180307,1013694.8476454294,1012724.0387811635,6.7645429362880867,4.6113143781099411e-06,1121.0,1121.0,0.0,0.0,3676.0,3672.0,11.0,0.009556907037358819
DIGESTER.csv,Method,All,19,1661.6842105263158,1654.9473684210527,6.7368421052631575,0.0045460845878582496,31572.0,31444.0,128.0,0.08637560716930674,1013694.8476454294,1013437.6288088643,367.03601108033246,0.00019441726378657031,1121.0,1121.0,0.0,0.0,3676.0,3671.0,84.0,0.06056236481614996
DIGESTER.csv,File,Most,19,351.57894736842104,350.94736842105266,0.63157894736842102,0.0017782441477309234,6680.0,6668.0,12.0,0.03378663880688755,101617.61218836566,101289.94459833793,1.2853185595567866,2.6681154430953273e-05,171.0,169.0,0.0,0.0,961.0,959.0,4.0,0.023121387283236993
DIGESTER.csv,File,All,19,351.57894736842104,347.0,4.5789473684210522,0.0097400813411500555,6680.0,6593.0,87.0,0.18506154548185105,101617.61218836566,99754.736842105267,171.8227146814404,0.00081622805086826913,171.0,167.0,0.0,0.0,961.0,957.0,57.0,0.12527472527472527
DIRSTUDIO.csv,Method,Most,8,19863.0,19844.75,18.25,0.00091879373709912902,158904.0,158758.0,146.0,0.007350349896793032,0.0,2331.4375,2331.4375,5.9092735193280835e-06,19863.0,19717.0,0.0,0.0,19863.0,19863.0,146.0,0.007350349896793032
DIRSTUDIO.csv,Method,All,8,19863.0,19488.875,374.125,0.018835271610532146,158904.0,155911.0,2993.0,0.15068217288425717,0.0,979786.609375,979786.609375,0.0024833721964976274,19863.0,16870.0,0.0,0.0,19863.0,19863.0,2993.0,0.15068217288425717
DIRSTUDIO.csv,File,Most,8,4085.0,4071.0,14.0,0.0034271725826193391,32680.0,32568.0,112.0,0.027417380660954713,0.0,1372.0,1372.0,8.2218583377403965e-05,4085.0,3973.0,0.0,0.0,4085.0,4085.0,112.0,0.027417380660954713
DIRSTUDIO.csv,File,All,8,4085.0,3982.625,102.375,0.025061199510403916,32680.0,31861.0,819.0,0.20048959608323133,0.0,73364.484375,73364.484375,0.004396446046301886,4085.0,3266.0,0.0,0.0,4085.0,4085.0,819.0,0.20048959608323133
DOXIASITETOOLS.csv,Method,Most,17,364.47058823529414,362.94117647058823,1.5294117647058822,0.0049846513019589775,6196.0,6170.0,26.0,0.08473907213330263,8988.7197231833889,9134.7612456747411,3.6608996539792389,4.1027598848364518e-05,216.0,216.0,0.0,0.0,472.0,472.0,5.0,0.016339869281045753
DOXIASITETOOLS.csv,Method,All,17,364.47058823529414,358.05882352941177,6.4117647058823533,0.022147020492047479,6196.0,6087.0,109.0,0.3764993483648072,8988.7197231833889,9993.8200692041537,154.83044982698962,0.0018831349184876491,216.0,216.0,0.0,0.0,472.0,472.0,46.0,0.1503267973856209
DOXIASITETOOLS.csv,File,Most,17,55.588235294117645,54.352941176470587,1.2352941176470589,0.025675430168166789,945.0,924.0,21.0,0.4364823128588354,145.88927335640139,161.87543252595157,1.9446366782006923,0.001072212496495533,40.0,37.0,0.0,0.0,69.0,69.0,5.0,0.11627906976744186
DOXIASITETOOLS.csv,File,All,17,55.588235294117645,52.823529411764703,2.7647058823529411,0.059266593534438736,945.0,898.0,47.0,1.0075320900854585,145.88927335640139,203.55709342560553,14.06228373702422,0.0072348808816177076,40.0,33.0,0.0,0.0,69.0,69.0,13.0,0.2826086956521739
DOXIATOOLS.csv,Method,Most,4,304.5,304.25,0.25,0.00058004640371229696,1218.0,1217.0,1.0,0.002320185614849188,16139.25,16076.1875,0.1875,1.0093614913787069e-06,173.0,173.0,0.0,0.0,432.0,432.0,1.0,0.002320185614849188
DOXIATOOLS.csv,Method,All,4,304.5,301.75,2.75,0.0063805104408352666,1218.0,1207.0,11.0,0.025522041763341066,16139.25,15466.1875,22.6875,0.00012213274045682354,173.0,173.0,0.0,0.0,432.0,432.0,11.0,0.025522041763341066
DOXIATOOLS.csv,File,Most,4,55.25,55.0,0.25,0.003246753246753247,221.0,220.0,1.0,0.012987012987012988,474.1875,463.5,0.1875,3.1624219935908252e-05,32.0,32.0,0.0,0.0,77.0,77.0,1.0,0.012987012987012988
DOXIATOOLS.csv,File,All,4,55.25,51.0,4.25,0.055194805194805192,221.0,204.0,17.0,0.22077922077922077,474.1875,343.5,54.1875,0.0091393995614774837,32.0,32.0,0.0,0.0,77.0,77.0,17.0,0.22077922077922077
DRILL.csv,Method,Most,2,22947.5,22748.5,199.0,0.0086420280018320444,45895.0,45497.0,398.0,0.01728405600366409,1137422.25,1086806.25,576.0,4.1502158051959879e-07,21881.0,21706.0,175.0,0.007997806315981902,24014.0,23791.0,223.0,0.009286249687682185
DRILL.csv,Method,All,2,22947.5,20689.5,2258.0,0.097874741288108108,45895.0,41379.0,4516.0,0.19574948257621622,1137422.25,494912.25,131769.0,0.0001270111942600851,21881.0,19986.0,1895.0,0.08660481696448974,24014.0,21393.0,2621.0,0.10914466561172649
DRILL.csv,File,Most,2,3153.5,3026.5,127.0,0.040233904172695775,6307.0,6053.0,254.0,0.08046780834539155,13572.25,11772.25,64.0,1.1035491932581771e-06,3037.0,2918.0,119.0,0.03918340467566678,3270.0,3135.0,135.0,0.04128440366972477
DRILL.csv,File,All,2,3153.5,2569.0,584.5,0.18454126929943543,6307.0,5138.0,1169.0,0.36908253859887086,13572.25,676.0,8190.25,0.00047876717895356123,3037.0,2543.0,494.0,0.16266052025024696,3270.0,2595.0,675.0,0.20642201834862386
EMPIREDB.csv,Method,Most,6,6392.0,6369.666666666667,22.333333333333332,0.0034274569082770757,38352.0,38218.0,134.0,0.020564741449662454,160559.33333333334,153996.22222222222,130.2222222222222,2.663318763635187e-06,5961.0,5949.0,6.0,0.0009672738997259391,7053.0,7022.0,38.0,0.005566949897450923
EMPIREDB.csv,Method,All,6,6392.0,5999.5,392.5,0.061223021764927166,38352.0,35997.0,2355.0,0.367338130589563,160559.33333333334,194542.91666666666,72748.916666666672,0.0018199301529512998,5961.0,5212.0,24.0,0.0038690955989037564,7053.0,6682.0,749.0,0.1256500587149807
EMPIREDB.csv,File,Most,6,634.16666666666663,617.33333333333337,16.833333333333332,0.026033526067891746,3805.0,3704.0,101.0,0.15620115640735047,1789.1388888888889,1321.5555555555554,56.805555555555564,0.00010778083393779657,601.0,589.0,5.0,0.008223684210526315,712.0,686.0,26.0,0.038748137108792845
EMPIREDB.csv,File,All,6,634.16666666666663,557.16666666666663,77.0,0.12091654791279527,3805.0,3343.0,462.0,0.7254992874767716,1789.1388888888889,1921.8055555555554,959.33333333333337,0.002224178502527748,601.0,495.0,38.0,0.0625,712.0,639.0,126.0,0.18777943368107303
ETCH.csv,Method,Most,4,5418.0,5418.0,0.0,0.0,21672.0,21672.0,0.0,0.0,0.0,0.0,0.0,0.0,5418.0,5418.0,0.0,0.0,5418.0,5418.0,0.0,0.0
ETCH.csv,Method,All,4,5418.0,5418.0,0.0,0.0,21672.0,21672.0,0.0,0.0,0.0,0.0,0.0,0.0,5418.0,5418.0,0.0,0.0,5418.0,5418.0,0.0,0.0
ETCH.csv,File,Most,4,808.5,808.5,0.0,0.0,3234.0,3234.0,0.0,0.0,0.75,0.75,0.0,0.0,807.0,807.0,0.0,0.0,809.0,809.0,0.0,0.0
ETCH.csv,File,All,4,808.5,808.5,0.0,0.0,3234.0,3234.0,0.0,0.0,0.75,0.75,0.0,0.0,807.0,807.0,0.0,0.0,809.0,809.0,0.0,0.0
FEDIZ.csv,Method,Most,23,2873.3478260869565,2870.521739130435,2.8260869565217392,0.0010318132700156005,66087.0,66022.0,65.0,0.023731705210358812,1224318.1398865785,1221539.3799621931,19.013232514177702,1.4463851465425389e-06,764.0,763.0,0.0,0.0,4138.0,4127.0,19.0,0.004834605597964376
FEDIZ.csv,Method,All,23,2873.3478260869565,2856.5652173913045,16.782608695652176,0.0068001247833396313,66087.0,65701.0,386.0,0.1564028700168115,1224318.1398865785,1218394.0718336483,814.43100189035943,0.00021241420228826442,764.0,763.0,0.0,0.0,4138.0,4053.0,90.0,0.06870229007633588
FEDIZ.csv,File,Most,23,482.43478260869563,480.3478260869565,2.0869565217391304,0.0042519241567482964,11096.0,11048.0,48.0,0.09779425560521082,36006.941398865783,35618.400756143659,10.079395085066164,2.6231983363982261e-05,134.0,133.0,0.0,0.0,700.0,691.0,12.0,0.017699115044247787
FEDIZ.csv,File,All,23,482.43478260869563,476.78260869565219,5.6521739130434785,0.012560289559255082,11096.0,10966.0,130.0,0.28888665986286693,36006.941398865783,35438.170132325147,78.487712665406448,0.00043285219554180422,134.0,133.0,0.0,0.0,700.0,683.0,31.0,0.0912863070539419
FELIX.csv,Method,Most,949,40213.968387776607,40210.312961011594,3.6554267650158061,9.9043612385730904e-05,38163056.0,38159587.0,3469.0,0.09399238815405868,181453235.85569191,181443449.8356697,74.811722394267832,5.6564888464881349e-08,11610.0,11610.0,0.0,0.0,60908.0,60908.0,96.0,0.0021817460579815545
FELIX.csv,Method,All,949,40213.968387776607,40180.884088514227,33.084299262381457,0.00096592793551505897,38163056.0,38131659.0,31397.0,0.9166656108037912,181453235.85569191,181488037.02344546,11112.148847269767,1.2171160919300049e-05,11610.0,11610.0,0.0,0.0,60908.0,60908.0,1930.0,0.06599193052041305
FELIX.csv,File,Most,949,7345.2623814541621,7342.7660695468912,2.4963119072708113,0.00036764928416727381,6970654.0,6968285.0,2369.0,0.34889917067474285,4691376.0228314204,4690732.499544193,25.626171856349259,6.2185558825886372e-07,2495.0,2495.0,0.0,0.0,10293.0,10293.0,49.0,0.008224236320913058
FELIX.csv,File,All,949,7345.2623814541621,7336.0874604847204,9.1749209694415175,0.001394722828014997,6970654.0,6961947.0,8707.0,1.323591963786234,4691376.0228314204,4691719.5719080931,577.20860181145713,1.5356700101733012e-05,2495.0,2495.0,0.0,0.0,10293.0,10293.0,297.0,0.05089974293059126
FLUME.csv,Method,Most,10,9065.1000000000004,9048.2000000000007,16.899999999999999,0.0019619409530195432,90651.0,90482.0,169.0,0.019619409530195427,553847.48999999999,565874.76000000001,206.29000000000002,3.4233368121737388e-06,7622.0,7572.0,3.0,0.0003219920575292476,10101.0,10081.0,50.0,0.006559958016268696
FLUME.csv,Method,All,10,9065.1000000000004,8948.8999999999996,116.2,0.013384761384117538,90651.0,89489.0,1162.0,0.13384761384117538,553847.48999999999,636805.09000000008,13514.959999999997,0.00019178935109225487,7622.0,7387.0,6.0,0.0006439841150584952,10101.0,9926.0,387.0,0.04471403812824957
FLUME.csv,File,Most,10,1153.3,1141.0,12.300000000000001,0.011051994002508935,11533.0,11410.0,123.0,0.11051994002508934,5843.0100000000002,6720.3999999999996,87.809999999999988,8.3529604247785562e-05,996.0,964.0,2.0,0.0016906170752324597,1249.0,1230.0,32.0,0.0321285140562249
FLUME.csv,File,All,10,1153.3,1123.3,30.0,0.026846390378522499,11533.0,11233.0,300.0,0.268463903785225,5843.0100000000002,8016.4099999999989,468.39999999999998,0.00041811186383668863,996.0,937.0,4.0,0.0033812341504649195,1249.0,1206.0,64.0,0.05923694779116466
GEODE.csv,Method,Most,8,152904.5,152681.75,222.75,0.0014447112104657093,1223236.0,1221454.0,1782.0,0.011557689683725674,122813869.75,121894588.1875,8525.9375,3.2568491908851568e-07,136214.0,136110.0,104.0,0.0007299315225258105,171868.0,171525.0,343.0,0.002321986837411964
GEODE.csv,Method,All,8,152904.5,149064.875,3839.625,0.025128239419102888,1223236.0,1192519.0,30717.0,0.20102591535282308,122813869.75,131401369.109375,12500380.984375,0.00056539666905751427,136214.0,133136.0,613.0,0.004500271631403527,171868.0,168582.0,9845.0,0.06885530245277345
GEODE.csv,File,Most,8,17780.25,17641.25,139.0,0.0078597789150295916,142242.0,141130.0,1112.0,0.06287823132023673,665975.9375,683154.4375,2629.5,9.2058848751825819e-06,16707.0,16471.0,64.0,0.0034488333243519968,19022.0,18843.0,236.0,0.014125815526426048
GEODE.csv,File,All,8,17780.25,16569.125,1211.125,0.067317065319573682,142242.0,132553.0,9689.0,0.5385365225565896,665975.9375,1005943.359375,915694.359375,0.0027726363006360033,16707.0,14666.0,226.0,0.013527264021069014,19022.0,18029.0,3472.0,0.1914213253942
GERONIMODEVTOOLS.csv,Method,Most,16,8435.3125,8418.375,16.9375,0.0022656144390592265,134965.0,134694.0,271.0,0.036249831024947624,11120078.08984375,11111555.859375,194.68359375,2.8102468739230155e-06,3983.0,3980.0,0.0,0.0,13161.0,13151.0,58.0,0.0060655737704918035
GERONIMODEVTOOLS.csv,Method,All,16,8435.3125,7779.3125,656.0,0.079387581924109801,134965.0,124469.0,10496.0,1.2702013107857568,11120078.08984375,10635853.08984375,572317.25,0.0072828056028184972,3983.0,3967.0,0.0,0.0,13161.0,12999.0,2408.0,0.26526471130787677
GERONIMODEVTOOLS.csv,File,Most,16,1079.625,1068.5,11.125,0.012549301424120002,17274.0,17096.0,178.0,0.20078882278592,198375.859375,199209.75,49.484375,7.2794490975492882e-05,473.0,469.0,0.0,0.0,1666.0,1658.0,25.0,0.02512562814070352
GERONIMODEVTOOLS.csv,File,All,16,1079.625,945.5625,134.0625,0.1406875491147444,17274.0,15129.0,2145.0,2.2510007858359105,198375.859375,201404.87109375,17155.68359375,0.019187618116424859,473.0,279.0,0.0,0.0,1666.0,1649.0,385.0,0.42302158273381296
GROOVY.csv,Method,Most,94,16423.010638297874,16386.691489361703,36.319148936170215,0.002447092770950436,1543763.0,1540349.0,3414.0,0.23002672046934092,11072394.287120869,11125602.468650974,1375.8343141693072,9.3954441187893712e-06,9698.0,9487.0,0.0,0.0,23559.0,23544.0,211.0,0.0217570633120231
GROOVY.csv,Method,All,94,16423.010638297874,16279.393617021276,143.61702127659575,0.0098001644698574239,1543763.0,1530263.0,13500.0,0.9212154601665977,11072394.287120869,11358150.217406066,35150.278859212318,0.00025211371944833586,9698.0,8411.0,0.0,0.0,23559.0,23524.0,1287.0,0.13270777479892762
GROOVY.csv,File,Most,94,1579.9042553191489,1558.9468085106382,20.957446808510639,0.014496920107049069,148511.0,146541.0,1970.0,1.3627104900626121,148106.80998189223,149660.47589406971,269.48755092802173,0.00019775481644884553,871.0,786.0,0.0,0.0,2599.0,2589.0,85.0,0.09758897818599312
GROOVY.csv,File,All,94,1579.9042553191489,1537.0,42.904255319148938,0.031243998167270408,148511.0,144478.0,4033.0,2.936935827723418,148106.80998189223,158024.04255319148,3127.0653010411957,0.0035414837914203119,871.0,382.0,0.0,0.0,2599.0,2582.0,489.0,0.5614236509758898
HBASE.csv,Method,Most,249,49741.690763052211,49705.381526104415,36.309236947791163,0.00087534638142161331,12385681.0,12376640.0,9041.0,0.21796124897398167,529554912.85617971,529197124.21989971,3046.7437299398393,4.2573628367385623e-06,10107.0,10107.0,0.0,0.0,88045.0,88006.0,380.0,0.01820069204152249
HBASE.csv,Method,All,249,49741.690763052211,49256.554216867473,485.13654618473896,0.010828690829583695,12385681.0,12264882.0,120799.0,2.696344016566338,529554912.85617971,522691663.66874725,990468.54360413551,0.0006210266201859705,10107.0,10107.0,0.0,0.0,88045.0,85984.0,10443.0,0.20248447204968945
HBASE.csv,File,Most,249,4536.0040160642566,4514.1164658634534,21.887550200803211,0.0051158902967209478,1129465.0,1124015.0,5450.0,1.273856683883516,3300472.7991806585,3278684.0547087947,920.22028676956802,8.864682554012311e-05,1177.0,1177.0,0.0,0.0,7220.0,7196.0,161.0,0.0767397521448999
HBASE.csv,File,All,249,4536.0040160642566,4429.7429718875501,106.26104417670683,0.022845864723328429,1129465.0,1103006.0,26459.0,5.6886203161087785,3300472.7991806585,3175845.6849405649,41191.51016919082,0.0018457370421970482,1177.0,1177.0,0.0,0.0,7220.0,7160.0,1800.0,0.26913875598086123
HCATALOG.csv,Method,Most,2,2353.5,2279.0,74.5,0.033468752526477484,4707.0,4558.0,149.0,0.06693750505295497,343982.25,341056.0,6.25,5.297330642319643e-05,1767.0,1695.0,72.0,0.02619047619047619,2940.0,2863.0,77.0,0.04074702886247878
HCATALOG.csv,Method,All,2,2353.5,1258.5,1095.0,0.46434750470646663,4707.0,2517.0,2190.0,0.9286950094129333,343982.25,93330.25,78961.0,1.3540237555580481e-05,1767.0,953.0,814.0,0.46066779852857953,2940.0,1564.0,1376.0,0.46802721088435373
HCATALOG.csv,File,Most,2,353.5,184.0,169.5,0.40047927437307973,707.0,368.0,339.0,0.8009585487461595,16256.25,1.0,16512.25,0.04798874919686897,226.0,183.0,41.0,0.18141592920353983,481.0,185.0,298.0,0.6195426195426196
HCATALOG.csv,File,All,2,353.5,154.5,199.0,0.55329512630397581,707.0,309.0,398.0,1.1065902526079516,16256.25,2256.25,6400.0,0.0007153727875377989,226.0,107.0,119.0,0.5265486725663717,481.0,202.0,279.0,0.58004158004158
HIVE.csv,Method,Most,46,55811.695652173912,55623.717391304344,187.97826086956522,0.0038886818623588087,2567338.0,2558691.0,8647.0,0.17887936566850526,725610118.42911136,724722296.89839327,36639.064744801515,1.8178288448556542e-05,10897.0,10897.0,0.0,0.0,94203.0,94187.0,723.0,0.015993758533255315
HIVE.csv,Method,All,46,55811.695652173912,53389.413043478264,2422.282608695652,0.051441853685247549,2567338.0,2455913.0,111425.0,2.3663252695213877,725610118.42911136,717781779.37287331,5583605.9418714559,0.003815070442438472,10897.0,10897.0,0.0,0.0,94203.0,93696.0,8679.0,0.2490471950133571
HIVE.csv,File,Most,46,5023.326086956522,4908.717391304348,114.60869565217391,0.025547663272994962,231073.0,225801.0,5272.0,1.1751925105577685,5205514.654536861,5154943.4636105858,10685.499054820415,0.00061742311038988254,1227.0,1227.0,0.0,0.0,8189.0,8175.0,361.0,0.08717408480379246
HIVE.csv,File,All,46,5023.326086956522,4483.804347826087,539.52173913043475,0.11135607471813469,231073.0,206255.0,24818.0,5.122379437034196,5205514.654536861,4876583.5921550086,388448.11909262754,0.012505443198412552,1227.0,1033.0,0.0,0.0,8189.0,8127.0,3691.0,0.49636901559978486
IGNITE.csv,Method,Most,22,96467.454545454544,96267.909090909088,199.54545454545453,0.0019579729170843027,2122284.0,2117894.0,4390.0,0.04307540417585467,359828952.1570248,356216753.53719008,41506.975206611569,3.1133883658380266e-06,72171.0,71960.0,0.0,0.0,128378.0,128238.0,939.0,0.007594199616650627
IGNITE.csv,Method,All,22,96467.454545454544,94136.318181818177,2331.1363636363635,0.023225629460753846,2122284.0,2070999.0,51285.0,0.5109638481365845,359828952.1570248,332993737.39876032,4610867.0268595032,0.00046393164488469236,72171.0,70702.0,0.0,0.0,128378.0,127244.0,7821.0,0.0843571020245273
IGNITE.csv,File,Most,22,16140.681818181818,16049.318181818182,91.36363636363636,0.0054383544711636362,355095.0,353085.0,2010.0,0.11964379836560002,4147351.6714876029,3990481.1260330584,4563.6859504132226,1.4709604913052718e-05,13639.0,13583.0,0.0,0.0,19721.0,19630.0,234.0,0.014796469168730552
IGNITE.csv,File,All,22,16140.681818181818,15635.318181818182,505.36363636363637,0.030006084125998186,355095.0,343977.0,11118.0,0.6601338507719601,4147351.6714876029,3395255.580578513,159360.41322314047,0.00053001793406722323,13639.0,13283.0,0.0,0.0,19721.0,19296.0,1354.0,0.07809886370190922
ISIS.csv,Method,Most,92,56462.467391304344,56444.043478260872,18.423913043478262,0.00035038051540135513,5194547.0,5192852.0,1695.0,0.032235007416924685,65274538.422849707,65370396.954631373,3854.2442107750462,1.8366024354683986e-06,44341.0,43793.0,0.0,0.0,67875.0,67875.0,549.0,0.012381038293265978
ISIS.csv,Method,All,92,56462.467391304344,56173.021739130432,289.44565217391306,0.0050080890471551317,5194547.0,5167918.0,26629.0,0.46074419233827196,65274538.422849707,64567017.086483933,476271.92095935741,0.00014712127391315797,44341.0,44298.0,0.0,0.0,67875.0,67875.0,3607.0,0.06044204634951489
ISIS.csv,File,Most,92,13136.79347826087,13127.532608695652,9.2608695652173907,0.0006839049228361888,1208585.0,1207733.0,852.0,0.06291925290092937,3788540.0116965985,3777241.7489366718,336.95368620037812,1.9086279717483682e-06,9863.0,9862.0,0.0,0.0,15676.0,15676.0,86.0,0.006127856906260351
ISIS.csv,File,All,92,13136.79347826087,13033.608695652174,103.18478260869566,0.0076112744228670039,1208585.0,1199092.0,9493.0,0.7002372469037641,3788540.0116965985,3725500.3903591684,58926.498464083175,0.0003287090065217025,9863.0,9844.0,0.0,0.0,15676.0,15676.0,1479.0,0.10411093903984232
JCI.csv,Method,Most,1,1102.0,1095.0,7.0,0.0063520871143375682,1102.0,1095.0,7.0,0.006352087114337568,0.0,0.0,0.0,0.0,1102.0,1095.0,7.0,0.006352087114337568,1102.0,1095.0,7.0,0.006352087114337568
JCI.csv,Method,All,1,1102.0,1085.0,17.0,0.015426497277676952,1102.0,1085.0,17.0,0.015426497277676952,0.0,0.0,0.0,0.0,1102.0,1085.0,17.0,0.015426497277676952,1102.0,1085.0,17.0,0.015426497277676952
JCI.csv,File,Most,1,244.0,240.0,4.0,0.016393442622950821,244.0,240.0,4.0,0.01639344262295082,0.0,0.0,0.0,0.0,244.0,240.0,4.0,0.01639344262295082,244.0,240.0,4.0,0.01639344262295082
JCI.csv,File,All,1,244.0,239.0,5.0,0.020491803278688523,244.0,239.0,5.0,0.020491803278688523,0.0,0.0,0.0,0.0,244.0,239.0,5.0,0.020491803278688523,244.0,239.0,5.0,0.020491803278688523
JCLOUDS.csv,Method,Most,40,65249.025000000001,65203.900000000001,45.125,0.00066888072844676792,2609961.0,2608156.0,1805.0,0.026755229137870724,198442919.824375,198039137.84,2548.4593749999999,5.3196558337355025e-07,35385.0,35374.0,0.0,0.0,79473.0,79435.0,186.0,0.002818752485863005
JCLOUDS.csv,Method,All,40,65249.025000000001,64785.375,463.64999999999998,0.0076098481777597511,2609961.0,2591415.0,18546.0,0.3043939271103902,198442919.824375,199417236.68437499,295281.57750000001,8.1392492371603757e-05,35385.0,34819.0,0.0,0.0,79473.0,79383.0,1878.0,0.02801556420233463
JCLOUDS.csv,File,Most,40,13522.125,13471.950000000001,50.174999999999997,0.0034627586833750725,540885.0,538878.0,2007.0,0.13851034733500292,3954259.2593749999,3870717.8974999995,23735.544375000005,0.00010577404916696859,9101.0,9092.0,0.0,0.0,15540.0,15540.0,925.0,0.06190603667514389
JCLOUDS.csv,File,All,40,13522.125,13271.85,250.27500000000001,0.018282613784645206,540885.0,530874.0,10011.0,0.7313045513858081,3954259.2593749999,3947718.7275000005,189348.699375,0.00091830672646238539,9101.0,8741.0,0.0,0.0,15540.0,15540.0,2342.0,0.16342195241085758
JCRVLT.csv,Method,Most,28,3195.5357142857142,3190.0714285714284,5.4642857142857144,0.0017038638534075897,89475.0,89322.0,153.0,0.04770818789541252,55314.677295918365,55081.066326530614,33.320153061224488,3.2321507463773955e-06,2962.0,2962.0,0.0,0.0,3686.0,3686.0,19.0,0.00608974358974359
JCRVLT.csv,Method,All,28,3195.5357142857142,3159.25,36.285714285714285,0.011011258802697089,89475.0,88459.0,1016.0,0.3083152464755185,55314.677295918365,50319.116071428572,3258.1326530612246,0.00029862007080952316,2962.0,2927.0,0.0,0.0,3686.0,3686.0,193.0,0.06185897435897436
JCRVLT.csv,File,Most,28,483.5,479.53571428571428,3.9642857142857144,0.0081161981900525499,13538.0,13427.0,111.0,0.22725354932147135,1077.9642857142858,1041.105867346939,16.46301020408163,6.6414843269802786e-05,450.0,450.0,0.0,0.0,549.0,549.0,14.0,0.028629856850715747
JCRVLT.csv,File,All,28,483.5,470.92857142857144,12.571428571428571,0.025433211235736306,13538.0,13186.0,352.0,0.7121299146006165,1077.9642857142858,1061.2806122448978,299.38775510204084,0.0011919006026575693,450.0,425.0,0.0,0.0,549.0,549.0,59.0,0.12065439672801637
JCS.csv,Method,Most,27,4365.1111111111113,4362.8888888888887,2.2222222222222223,0.00035142035284413354,117858.0,117798.0,60.0,0.009488349526791605,692991.87654320989,684376.32098765427,89.061728395061721,2.2344342479801192e-06,4018.0,4018.0,0.0,0.0,6415.0,6412.0,50.0,0.00792016473942658
JCS.csv,Method,All,27,4365.1111111111113,4340.7037037037035,24.407407407407408,0.0038590011108860368,117858.0,117199.0,659.0,0.10419302999392299,692991.87654320989,608760.20850480115,11437.500685871057,0.00028691468592143324,4018.0,4018.0,0.0,0.0,6415.0,6351.0,566.0,0.08965626485030889
JCS.csv,File,Most,27,692.81481481481478,691.40740740740739,1.4074074074074074,0.0012031833378865343,18706.0,18668.0,38.0,0.032485950122936424,39435.336076817563,38119.722908093281,26.83401920438957,1.9603168129765835e-05,610.0,610.0,0.0,0.0,1170.0,1166.0,27.0,0.023076923076923078
JCS.csv,File,All,27,692.81481481481478,686.88888888888891,5.9259259259259256,0.0050657070253721714,18706.0,18546.0,160.0,0.13677408968504862,39435.336076817563,34395.432098765428,613.40192043895752,0.00044810436697278745,610.0,610.0,0.0,0.0,1170.0,1165.0,131.0,0.11196581196581197
JUDDI.csv,Method,Most,21,8186.2380952380954,8172.0476190476193,14.19047619047619,0.0016041186205597528,171911.0,171613.0,298.0,0.03368649103175481,5091233.4195011333,5062895.5691609988,622.53514739229036,7.1245004536352984e-06,5966.0,5965.0,0.0,0.0,11068.0,11067.0,108.0,0.011106540518305225
JUDDI.csv,Method,All,21,8186.2380952380954,7933.5238095238092,252.71428571428572,0.027033327629050308,171911.0,166604.0,5307.0,0.5676998802100564,5091233.4195011333,4635141.4875283455,262152.87074829929,0.0027395460176000506,5966.0,5965.0,0.0,0.0,11068.0,11030.0,2268.0,0.2332373508844097
JUDDI.csv,File,Most,21,1505.0,1494.1904761904761,10.80952380952381,0.0068059800216884311,31605.0,31378.0,227.0,0.14292558045545709,92591.619047619053,90235.868480725621,280.34467120181409,0.00010464538107334681,1200.0,1199.0,0.0,0.0,1881.0,1880.0,69.0,0.04011627906976744
JUDDI.csv,File,All,21,1505.0,1438.6190476190477,66.38095238095238,0.039997824459697219,31605.0,30211.0,1394.0,0.8399543136536416,92591.619047619053,81295.664399092973,13277.66439909297,0.004516912515248171,1200.0,1182.0,0.0,0.0,1881.0,1879.0,490.0,0.28488372093023256
JXPATH.csv,Method,Most,5,2835.0,2834.8000000000002,0.20000000000000001,6.9856793573174991e-05,14175.0,14174.0,1.0,0.00034928396786587494,196.0,184.96000000000001,0.16000000000000003,1.9519886433300732e-08,2828.0,2828.0,0.0,0.0,2863.0,2862.0,1.0,0.00034928396786587494
JXPATH.csv,Method,All,5,2835.0,2834.1999999999998,0.80000000000000004,0.00027942717429269996,14175.0,14171.0,4.0,0.0013971358714634998,196.0,153.76000000000002,2.5600000000000005,3.1231818293281171e-07,2828.0,2828.0,0.0,0.0,2863.0,2859.0,4.0,0.0013971358714634998
JXPATH.csv,File,Most,5,257.39999999999998,257.19999999999999,0.20000000000000001,0.0007722007722007722,1287.0,1286.0,1.0,0.003861003861003861,0.64000000000000001,0.16,0.16000000000000003,2.3851761303498755e-06,257.0,257.0,0.0,0.0,259.0,258.0,1.0,0.003861003861003861
JXPATH.csv,File,All,5,257.39999999999998,257.0,0.40000000000000002,0.0015444015444015444,1287.0,1285.0,2.0,0.007722007722007722,0.64000000000000001,0.0,0.64000000000000012,9.540704521399502e-06,257.0,257.0,0.0,0.0,259.0,257.0,2.0,0.007722007722007722
JXR.csv,Method,Most,6,462.16666666666669,460.0,2.1666666666666665,0.0047827704520889318,2773.0,2760.0,13.0,0.02869662271253359,736.1388888888888,769.33333333333337,1.1388888888888888,6.5108929932699935e-06,420.0,417.0,1.0,0.0020920502092050207,503.0,501.0,4.0,0.00909090909090909
JXR.csv,Method,All,6,462.16666666666669,449.16666666666669,13.0,0.027384377354316907,2773.0,2695.0,78.0,0.16430626412590144,736.1388888888888,470.13888888888886,94.333333333333329,0.00037708416793211399,420.0,416.0,2.0,0.004201680672268907,503.0,477.0,26.0,0.05439330543933055
JXR.csv,File,Most,6,106.5,104.83333333333333,1.6666666666666667,0.016446706545680298,639.0,629.0,10.0,0.09868023927408179,168.25,181.13888888888889,0.55555555555555569,7.6358918332700319e-05,88.0,86.0,1.0,0.007874015748031496,127.0,126.0,3.0,0.031914893617021274
JXR.csv,File,All,6,106.5,99.833333333333329,6.666666666666667,0.059671827997057759,639.0,599.0,40.0,0.35803096798234657,168.25,101.80555555555556,19.555555555555554,0.0012615135475032005,88.0,86.0,2.0,0.022727272727272728,127.0,115.0,13.0,0.11504424778761062
KYLIN.csv,Method,Most,32,15266.59375,15211.5,55.09375,0.0035182684138359527,488531.0,486768.0,1763.0,0.11258458924275049,26780845.116210937,26624015.3125,4953.6474609375,2.3339656364640531e-05,3884.0,3875.0,0.0,0.0,23294.0,23240.0,272.0,0.02334763948497854
KYLIN.csv,Method,All,32,15266.59375,14574.53125,692.0625,0.047481387612400672,488531.0,466385.0,22146.0,1.5194044035968208,26780845.116210937,26560237.686523437,995349.18359375,0.0064161935652084692,3884.0,3447.0,0.0,0.0,23294.0,22847.0,5252.0,0.4508154506437768
KYLIN.csv,File,Most,32,2404.375,2364.875,39.5,0.01552448326062323,76940.0,75676.0,1264.0,0.4967834643399434,448677.671875,435810.046875,1969.0,0.00033142667732808989,604.0,604.0,0.0,0.0,3193.0,3151.0,168.0,0.07567567567567568
KYLIN.csv,File,All,32,2404.375,2229.59375,174.78125,0.070590933047108007,76940.0,71347.0,5593.0,2.258909857507456,448677.671875,445443.5537109375,49270.2958984375,0.0091058064109299439,604.0,604.0,0.0,0.0,3193.0,3144.0,1183.0,0.5328828828828829
LANG.csv,Method,Most,22,6994.5,6959.363636363636,35.136363636363633,0.0049973556011710836,153879.0,153106.0,773.0,0.10994182322576383,4653129.7954545459,4606992.5950413225,1974.663223140496,5.4836042504374506e-05,4389.0,4389.0,0.0,0.0,10028.0,9956.0,165.0,0.03396459448332647
LANG.csv,Method,All,22,6994.5,6933.227272727273,61.272727272727273,0.0091277652053084954,153879.0,152531.0,1348.0,0.20081083451678688,4653129.7954545459,4624303.7210743809,7763.6528925619841,0.00024868649861058486,4389.0,4389.0,0.0,0.0,10028.0,10026.0,356.0,0.0732811856731165
LANG.csv,File,Most,22,526.22727272727275,512.81818181818187,13.409090909090908,0.024659698224173299,11577.0,11282.0,295.0,0.5425133609318127,34301.630165289265,32980.330578512403,248.150826446281,0.0010046995150718332,238.0,225.0,0.0,0.0,709.0,707.0,60.0,0.12875536480686695
LANG.csv,File,All,22,526.22727272727275,498.81818181818181,27.40909090909091,0.048977986560783872,11577.0,10974.0,603.0,1.0775157043372452,34301.630165289265,32449.057851239664,1700.6962809917352,0.0062497632929211311,238.0,223.0,0.0,0.0,709.0,707.0,164.0,0.351931330472103
LENS.csv,Method,Most,5,8600.2000000000007,8480.3999999999996,119.8,0.012675374861590913,43001.0,42402.0,599.0,0.06337687430795456,8898297.3599999994,8669235.8399999999,34670.959999999999,0.00036427484692340401,2680.0,2672.0,3.0,0.0003096934035305048,10494.0,10490.0,485.0,0.05026427609078661
LENS.csv,Method,All,5,8600.2000000000007,7569.3999999999996,1030.8,0.10643621019207568,43001.0,37847.0,5154.0,0.5321810509603784,8898297.3599999994,8742954.2400000002,2313977.3599999999,0.024532297883761461,2680.0,2652.0,8.0,0.0007623403849818944,10494.0,10486.0,3949.0,0.40926520882993056
LENS.csv,File,Most,5,1260.5999999999999,1210.2,50.399999999999999,0.036327134096668975,6303.0,6051.0,252.0,0.18163567048334486,181567.04000000004,170110.96000000002,5321.0399999999991,0.0025548053905458216,413.0,409.0,3.0,0.002106741573033708,1522.0,1518.0,192.0,0.1350210970464135
LENS.csv,File,All,5,1260.5999999999999,1076.2,184.40000000000001,0.13205267982780536,6303.0,5381.0,922.0,0.6602633991390268,181567.04000000004,183949.36000000002,65709.440000000002,0.031451901345384586,413.0,400.0,7.0,0.0045992115637319315,1522.0,1515.0,671.0,0.47187060478199716
MAHOUT.csv,Method,Most,22,14034.954545454546,14002.818181818182,32.136363636363633,0.0023127662604545949,308769.0,308062.0,707.0,0.050880857730001096,3726246.861570247,3729830.8760330575,2514.845041322314,1.332610506635721e-05,10397.0,10397.0,0.0,0.0,15430.0,15430.0,154.0,0.010527202290719219
MAHOUT.csv,Method,All,22,14034.954545454546,13631.136363636364,403.81818181818181,0.029503668784948898,308769.0,299885.0,8884.0,0.6490807132688756,3726246.861570247,4368040.2086776868,457132.42148760316,0.0025415464846712398,10397.0,10116.0,0.0,0.0,15430.0,15430.0,2136.0,0.14915159555896934
MAHOUT.csv,File,Most,22,2185.6363636363635,2159.9545454545455,25.681818181818183,0.012219866202118491,48084.0,47519.0,565.0,0.2688370564466068,97220.2314049587,102161.31611570246,1525.0351239669426,0.00034782079092391614,1647.0,1647.0,0.0,0.0,2479.0,2478.0,121.0,0.05440647482014389
MAHOUT.csv,File,All,22,2185.6363636363635,2045.590909090909,140.04545454545453,0.066674474668482628,48084.0,45003.0,3081.0,1.466838442706618,97220.2314049587,160765.60537190083,45252.316115702495,0.010480752963097544,1647.0,1296.0,0.0,0.0,2479.0,2478.0,644.0,0.2924613987284287
MANT.csv,Method,Most,5,165.40000000000001,164.80000000000001,0.59999999999999998,0.0036014037854139626,827.0,824.0,3.0,0.018007018927069813,25.840000000000003,24.559999999999995,0.24000000000000005,8.6551193151614286e-06,157.0,157.0,0.0,0.0,171.0,170.0,1.0,0.006134969325153374
MANT.csv,Method,All,5,165.40000000000001,161.40000000000001,4.0,0.024415950315090952,827.0,807.0,20.0,0.12207975157545477,25.840000000000003,75.439999999999998,37.200000000000003,0.0014030804580206638,157.0,147.0,0.0,0.0,171.0,170.0,16.0,0.09815950920245399
MANT.csv,File,Most,5,38.200000000000003,37.600000000000001,0.59999999999999998,0.01543360433604336,191.0,188.0,3.0,0.0771680216802168,10.16,9.4400000000000013,0.24000000000000005,0.00016010164437687738,33.0,33.0,0.0,0.0,41.0,41.0,1.0,0.027777777777777776
MANT.csv,File,All,5,38.200000000000003,37.200000000000003,1.0,0.025867208672086715,191.0,186.0,5.0,0.12933604336043358,10.16,9.7599999999999998,0.80000000000000004,0.00054907866422837666,33.0,33.0,0.0,0.0,41.0,41.0,2.0,0.05555555555555555
MANTRUN.csv,Method,Most,8,34.375,33.5,0.875,0.054938811188811193,275.0,268.0,7.0,0.43951048951048954,398.734375,410.75,1.359375,0.0065300087259768215,6.0,6.0,0.0,0.0,54.0,54.0,3.0,0.2
MANTRUN.csv,Method,All,8,34.375,33.125,1.25,0.082342657342657333,275.0,265.0,10.0,0.6587412587412587,398.734375,420.109375,2.9375,0.018091563157122601,6.0,6.0,0.0,0.0,54.0,54.0,4.0,0.4
MANTRUN.csv,File,Most,8,9.0,8.5,0.5,0.078030303030303033,72.0,68.0,4.0,0.6242424242424243,10.25,12.75,0.5,0.013833218549127637,4.0,4.0,0.0,0.0,13.0,13.0,2.0,0.3333333333333333
MANTRUN.csv,File,All,8,9.0,8.125,0.875,0.14469696969696969,72.0,65.0,7.0,1.1575757575757575,10.25,16.609375,1.859375,0.055651400367309457,4.0,2.0,0.0,0.0,13.0,13.0,4.0,0.6666666666666666
MASSEMBLY.csv,Method,Most,16,2030.6875,2025.625,5.0625,0.0028673217205250137,32491.0,32410.0,81.0,0.04587714752840021,89574.71484375,91533.484375,56.18359375,2.1373971677691762e-05,1277.0,1258.0,0.0,0.0,2553.0,2550.0,24.0,0.014878621769772905
MASSEMBLY.csv,Method,All,16,2030.6875,2007.6875,23.0,0.012970017745777768,32491.0,32123.0,368.0,0.20752028393244432,89574.71484375,103909.58984375,4060.5,0.0012012953302828777,1277.0,1229.0,0.0,0.0,2553.0,2550.0,265.0,0.1423200859291085
MASSEMBLY.csv,File,Most,16,446.1875,444.3125,1.875,0.0049429185835312937,7139.0,7109.0,30.0,0.0790866973365007,11414.90234375,11532.71484375,3.234375,3.6736149322021255e-05,243.0,238.0,0.0,0.0,596.0,595.0,7.0,0.0205761316872428
MASSEMBLY.csv,File,All,16,446.1875,439.375,6.8125,0.019815817718560568,7139.0,7030.0,109.0,0.3170530834969691,11414.90234375,12701.109375,133.40234375,0.0012382031688196321,243.0,226.0,0.0,0.0,596.0,595.0,47.0,0.13544668587896252
MATH.csv,Method,Most,14,16897.071428571428,16817.571428571428,79.5,0.0052405592864282558,236559.0,235446.0,1113.0,0.07336783000999558,50665980.352040812,50682809.387755103,11091.392857142857,4.9488905057984813e-05,3649.0,3649.0,0.0,0.0,25537.0,25532.0,351.0,0.02319649262654444
MATH.csv,Method,All,14,16897.071428571428,16203.285714285714,693.78571428571433,0.044457220798448348,236559.0,226846.0,9713.0,0.6224010911782769,50665980.352040812,51912324.632653058,1167723.5969387754,0.0042185203535442415,3649.0,3649.0,0.0,0.0,25537.0,25462.0,4131.0,0.2323919891989199
MATH.csv,File,Most,14,2308.6428571428573,2278.5714285714284,30.071428571428573,0.014523532922988389,32321.0,31900.0,421.0,0.20332946092183746,1124351.086734694,1126139.1020408166,620.20918367346951,0.00017200743071053704,623.0,623.0,0.0,0.0,4102.0,4099.0,68.0,0.040606060606060604
MATH.csv,File,All,14,2308.6428571428573,2160.0,148.64285714285714,0.072812630934362313,32321.0,30240.0,2081.0,1.0193768330810726,1124351.086734694,1199138.2857142857,33627.372448979593,0.0085046698364567817,623.0,623.0,0.0,0.0,4102.0,4061.0,679.0,0.32754462132175594
MEAR.csv,Method,Most,18,430.61111111111109,426.88888888888891,3.7222222222222223,0.012381163802217085,7751.0,7684.0,67.0,0.2228609484399075,49454.682098765428,49466.987654320983,15.200617283950622,0.00027546374493262285,65.0,65.0,0.0,0.0,952.0,952.0,12.0,0.061855670103092786
MEAR.csv,Method,All,18,430.61111111111109,415.83333333333331,14.777777777777779,0.0575249099835052,7751.0,7485.0,266.0,1.0354483797030931,49454.682098765428,52562.027777777781,396.72839506172846,0.0095980252356173256,65.0,64.0,0.0,0.0,952.0,952.0,81.0,0.3402061855670103
MEAR.csv,File,Most,18,58.111111111111114,55.277777777777779,2.8333333333333335,0.063990522562444377,1046.0,995.0,51.0,1.1518294061239989,638.76543209876536,680.86728395061721,6.6944444444444446,0.0054200464927839191,17.0,16.0,0.0,0.0,117.0,117.0,7.0,0.2727272727272727
MEAR.csv,File,All,18,58.111111111111114,50.722222222222221,7.3888888888888893,0.16405876682983048,1046.0,913.0,133.0,2.9530578029369483,638.76543209876536,800.20061728395058,64.570987654320987,0.041300000499842081,17.0,10.0,0.0,0.0,117.0,117.0,29.0,0.7073170731707317
METAMODEL.csv,Method,Most,19,5288.0526315789475,5280.5789473684208,7.4736842105263159,0.001448731508455032,100473.0,100331.0,142.0,0.027525898660645604,375703.31301939057,376872.34903047094,27.722991689750689,1.0226085660406916e-06,4465.0,4460.0,1.0,0.00015708451146716933,6366.0,6365.0,19.0,0.003959983326385994
METAMODEL.csv,Method,All,19,5288.0526315789475,5205.3684210526317,82.684210526315795,0.015425832309271114,100473.0,98902.0,1571.0,0.29309081387615116,375703.31301939057,361857.49584487535,7049.2686980609415,0.00023438018480820798,4465.0,4435.0,1.0,0.000167897918065816,6366.0,6364.0,289.0,0.04852249832102082
METAMODEL.csv,File,Most,19,1240.9473684210527,1234.421052631579,6.5263157894736841,0.0053163560151604341,23578.0,23454.0,124.0,0.10101076428804827,8219.7340720221619,8334.9806094182841,14.880886426592795,9.348914191850648e-06,1124.0,1117.0,1.0,0.0007293946024799417,1371.0,1370.0,15.0,0.011529592621060722
METAMODEL.csv,File,All,19,1240.9473684210527,1208.3684210526317,32.578947368421055,0.026046414963344446,23578.0,22959.0,619.0,0.49488188430354446,8219.7340720221619,8126.5484764542934,876.24376731301948,0.00053162601095143615,1124.0,1078.0,1.0,0.0007473841554559044,1371.0,1369.0,120.0,0.08968609865470852
MINVOKER.csv,Method,Most,16,217.9375,216.6875,1.25,0.0045028969523094806,3487.0,3467.0,20.0,0.07204635123695169,12714.55859375,12490.58984375,4.6875,4.9095920680958924e-05,50.0,50.0,0.0,0.0,424.0,416.0,8.0,0.023255813953488372
MINVOKER.csv,Method,All,16,217.9375,212.0625,5.875,0.025252105031436708,3487.0,3393.0,94.0,0.4040336805029873,12714.55859375,12445.30859375,115.109375,0.0026718095288346439,50.0,50.0,0.0,0.0,424.0,414.0,44.0,0.2146341463414634
MINVOKER.csv,File,Most,16,26.25,25.5,0.75,0.025253622501432569,420.0,408.0,12.0,0.40405796002292105,213.1875,201.25,0.8125,0.00085645632266588101,6.0,6.0,0.0,0.0,58.0,55.0,3.0,0.08333333333333333
MINVOKER.csv,File,All,16,26.25,23.9375,2.3125,0.080499534415343646,420.0,383.0,37.0,1.2879925506454986,213.1875,187.68359375,8.83984375,0.011495717461673865,6.0,6.0,0.0,0.0,58.0,51.0,9.0,0.36363636363636365
MJAR.csv,Method,Most,12,181.25,180.41666666666666,0.83333333333333337,0.0050901431252042178,2175.0,2165.0,10.0,0.061081717502450616,625.6875,651.07638888888891,2.1388888888888888,8.5637658559800382e-05,135.0,134.0,0.0,0.0,206.0,206.0,5.0,0.03164556962025317
MJAR.csv,Method,All,12,181.25,179.16666666666666,2.0833333333333335,0.012448548076010382,2175.0,2150.0,25.0,0.1493825769121246,625.6875,696.30555555555566,22.909722222222218,0.00088904424105056131,135.0,135.0,0.0,0.0,206.0,206.0,17.0,0.10759493670886076
MJAR.csv,File,Most,12,39.583333333333336,38.833333333333336,0.75,0.031907894736842107,475.0,466.0,9.0,0.3828947368421053,94.743055555555557,108.97222222222223,2.8541666666666665,0.0044448652469990767,10.0,8.0,0.0,0.0,48.0,48.0,6.0,0.2
MJAR.csv,File,All,12,39.583333333333336,38.833333333333336,0.75,0.031907894736842107,475.0,466.0,9.0,0.3828947368421053,94.743055555555557,108.1388888888889,2.0208333333333335,0.0038677646006463531,10.0,8.0,0.0,0.0,48.0,48.0,5.0,0.2
MNG.csv,Method,Most,31,12177.870967741936,12168.967741935483,8.9032258064516121,0.00073710070876953273,377514.0,377238.0,276.0,0.022850121971855514,452569.78980228934,453961.12799167517,250.08740894901146,1.7414381634491858e-06,9183.0,9177.0,0.0,0.0,12866.0,12845.0,87.0,0.007262709742048585
MNG.csv,Method,All,31,12177.870967741936,12139.258064516129,38.612903225806448,0.0032207193032186823,377514.0,376317.0,1197.0,0.09984229839977916,452569.78980228934,464723.80437044747,2391.5920915712795,1.6593306478830743e-05,9183.0,9119.0,0.0,0.0,12866.0,12845.0,168.0,0.01350156714618661
MNG.csv,File,Most,31,1922.4516129032259,1918.6774193548388,3.774193548387097,0.0019861833978310935,59596.0,59479.0,117.0,0.06157168533276389,14398.118626430803,14520.089490114466,11.723204994797086,3.3052959492671584e-06,1437.0,1434.0,0.0,0.0,2040.0,2037.0,13.0,0.006892895015906681
MNG.csv,File,All,31,1922.4516129032259,1899.5806451612902,22.870967741935484,0.011852897531568162,59596.0,58887.0,709.0,0.36743982347861304,14398.118626430803,15063.856399583769,1514.8220603537982,0.00037398962915805375,1437.0,1405.0,0.0,0.0,2040.0,2035.0,172.0,0.08439646712463199
MPLUGIN.csv,Method,Most,19,563.31578947368416,561.63157894736844,1.6842105263157894,0.0041291905435709847,10703.0,10671.0,32.0,0.07845462032784874,56379.900277008303,56634.443213296407,4.6371191135734078,4.6897135313022514e-05,307.0,298.0,0.0,0.0,934.0,933.0,9.0,0.029315960912052116
MPLUGIN.csv,Method,All,19,563.31578947368416,555.57894736842104,7.7368421052631575,0.013741025918986051,10703.0,10556.0,147.0,0.261079492460735,56379.900277008303,55112.559556786691,159.24653739612188,0.00036009441870947311,307.0,292.0,0.0,0.0,934.0,933.0,52.0,0.06227544910179641
MPLUGIN.csv,File,Most,19,128.26315789473685,127.05263157894737,1.2105263157894737,0.012182592180898896,2437.0,2414.0,23.0,0.23146925143707903,3230.9307479224376,3248.9972299168976,1.0083102493074794,0.00017594099936841853,66.0,63.0,0.0,0.0,212.0,211.0,3.0,0.045454545454545456
MPLUGIN.csv,File,All,19,128.26315789473685,122.26315789473684,6.0,0.040262659133147284,2437.0,2323.0,114.0,0.7649905235297985,3230.9307479224376,2889.3518005540168,94.736842105263165,0.0028167867200257096,66.0,62.0,0.0,0.0,212.0,211.0,37.0,0.18592964824120603
MPLUGINTESTING.csv,Method,Most,7,441.57142857142856,439.57142857142856,2.0,0.0044730763426059595,3091.0,3077.0,14.0,0.03131153439824172,679.10204081632651,653.10204081632651,1.4285714285714286,6.7179287530984609e-06,412.0,410.0,0.0,0.0,469.0,468.0,4.0,0.008547008547008548
MPLUGINTESTING.csv,Method,All,7,441.57142857142856,441.57142857142856,0.0,0.0,3091.0,3091.0,0.0,0.0,679.10204081632651,679.10204081632651,0.0,0.0,412.0,412.0,0.0,0.0,469.0,469.0,0.0,0.0
MPLUGINTESTING.csv,File,Most,7,34.285714285714285,34.285714285714285,0.0,0.0,240.0,240.0,0.0,0.0,14.489795918367346,14.489795918367346,0.0,0.0,30.0,30.0,0.0,0.0,39.0,39.0,0.0,0.0
MPLUGINTESTING.csv,File,All,7,34.285714285714285,34.285714285714285,0.0,0.0,240.0,240.0,0.0,0.0,14.489795918367346,14.489795918367346,0.0,0.0,30.0,30.0,0.0,0.0,39.0,39.0,0.0,0.0
MPMD.csv,Method,Most,22,247.40909090909091,245.31818181818181,2.0909090909090908,0.0086506145945008193,5443.0,5397.0,46.0,0.19031352107901803,4230.696280991735,4129.5805785123966,14.719008264462813,0.0001648965664174563,157.0,153.0,0.0,0.0,377.0,370.0,18.0,0.04774535809018567
MPMD.csv,Method,All,22,247.40909090909091,242.27272727272728,5.1363636363636367,0.026716766426359829,5443.0,5330.0,113.0,0.5877688613799164,4230.696280991735,4748.4710743801652,79.026859504132233,0.0025312080275782345,157.0,132.0,0.0,0.0,377.0,376.0,31.0,0.1901840490797546
MPMD.csv,File,Most,22,52.590909090909093,51.545454545454547,1.0454545454545454,0.028223594987387361,1157.0,1134.0,23.0,0.620919089722522,545.05991735537191,564.97520661157023,1.4979338842975205,0.0016789661754850194,27.0,23.0,0.0,0.0,108.0,107.0,4.0,0.14814814814814814
MPMD.csv,File,All,22,52.590909090909093,50.227272727272727,2.3636363636363638,0.063272627368736817,1157.0,1105.0,52.0,1.39199780211221,545.05991735537191,596.72107438016531,10.140495867768598,0.0099253578939143376,27.0,18.0,0.0,0.0,108.0,106.0,9.0,0.3333333333333333
MREPOSITORY.csv,Method,Most,5,100.2,99.599999999999994,0.59999999999999998,0.0089552238805970137,501.0,498.0,3.0,0.04477611940298507,358.95999999999992,400.24000000000007,1.4400000000000002,0.00032078413900646016,67.0,64.0,0.0,0.0,117.0,117.0,3.0,0.04477611940298507
MREPOSITORY.csv,Method,All,5,100.2,100.0,0.20000000000000001,0.0029850746268656717,501.0,500.0,1.0,0.014925373134328358,358.95999999999992,372.39999999999998,0.16000000000000006,3.5642682111828923e-05,67.0,66.0,0.0,0.0,117.0,117.0,1.0,0.014925373134328358
MREPOSITORY.csv,File,Most,5,27.199999999999999,26.800000000000001,0.40000000000000002,0.016451612903225808,136.0,134.0,2.0,0.08225806451612903,19.759999999999998,21.359999999999999,0.24000000000000005,0.00043746097814776279,20.0,19.0,0.0,0.0,31.0,31.0,1.0,0.05
MREPOSITORY.csv,File,All,5,27.199999999999999,26.600000000000001,0.59999999999999998,0.022903225806451613,136.0,133.0,3.0,0.11451612903225807,19.759999999999998,20.239999999999998,0.6399999999999999,0.00080790842872008328,20.0,19.0,0.0,0.0,31.0,31.0,2.0,0.06451612903225806
MRESOURCES.csv,Method,Most,14,150.28571428571428,149.5,0.7857142857142857,0.0055133549545465085,2104.0,2093.0,11.0,0.07718696936365112,1420.3469387755099,1427.9642857142858,1.4540816326530615,7.5450370007800214e-05,30.0,30.0,0.0,0.0,176.0,176.0,4.0,0.028368794326241134
MRESOURCES.csv,Method,All,14,150.28571428571428,148.78571428571428,1.5,0.010797900224374589,2104.0,2083.0,21.0,0.15117060314124423,1420.3469387755099,1452.4540816326532,7.5357142857142856,0.00040068860504697802,30.0,30.0,0.0,0.0,176.0,176.0,10.0,0.07092198581560284
MRESOURCES.csv,File,Most,14,23.0,22.5,0.5,0.024912949369471107,322.0,315.0,7.0,0.3487812911725955,53.857142857142854,56.25,0.5357142857142857,0.0015888901546990501,7.0,7.0,0.0,0.0,33.0,33.0,2.0,0.125
MRESOURCES.csv,File,All,14,23.0,22.428571428571427,0.5714285714285714,0.028484377940899679,322.0,314.0,8.0,0.39878129117259553,53.857142857142854,56.95918367346939,0.81632653061224514,0.0022910425571620115,7.0,7.0,0.0,0.0,33.0,33.0,3.0,0.15
MSCMPUB.csv,Method,Most,2,26.0,25.5,0.5,0.02,52.0,51.0,1.0,0.04,1.0,2.25,0.25,0.00040000000000000002,25.0,24.0,0.0,0.0,27.0,27.0,1.0,0.04
MSCMPUB.csv,Method,All,2,26.0,25.5,0.5,0.02,52.0,51.0,1.0,0.04,1.0,2.25,0.25,0.00040000000000000002,25.0,24.0,0.0,0.0,27.0,27.0,1.0,0.04
MSCMPUB.csv,File,Most,2,7.5,7.0,0.5,0.071428571428571425,15.0,14.0,1.0,0.14285714285714285,0.25,1.0,0.25,0.0051020408163265302,7.0,6.0,0.0,0.0,8.0,8.0,1.0,0.14285714285714285
MSCMPUB.csv,File,All,2,7.5,7.0,0.5,0.071428571428571425,15.0,14.0,1.0,0.14285714285714285,0.25,1.0,0.25,0.0051020408163265302,7.0,6.0,0.0,0.0,8.0,8.0,1.0,0.14285714285714285
MSOURCES.csv,Method,Most,13,139.84615384615384,139.0,0.84615384615384615,0.0071946185458362198,1818.0,1807.0,11.0,0.09353004109587086,1190.1301775147929,1212.6153846153845,1.9763313609467454,0.00014938280546323142,88.0,86.0,0.0,0.0,207.0,207.0,5.0,0.042735042735042736
MSOURCES.csv,Method,All,13,139.84615384615384,137.69230769230768,2.1538461538461537,0.021690620500032155,1818.0,1790.0,28.0,0.281978066500418,1190.1301775147929,1368.2130177514794,21.514792899408292,0.0025431380851353527,88.0,72.0,0.0,0.0,207.0,207.0,16.0,0.18181818181818182
MSOURCES.csv,File,Most,13,48.0,47.53846153846154,0.46153846153846156,0.01936699509959583,624.0,618.0,6.0,0.2517709362947458,403.07692307692309,416.09467455621302,0.4023668639053255,0.0012218132402010069,16.0,14.0,0.0,0.0,81.0,81.0,2.0,0.125
MSOURCES.csv,File,All,13,48.0,47.230769230769234,0.76923076923076927,0.033831163409917993,624.0,614.0,10.0,0.43980512432893387,403.07692307692309,432.9467455621301,1.2544378698224852,0.0032620136256677843,16.0,14.0,0.0,0.0,81.0,81.0,3.0,0.16666666666666666
MWAR.csv,Method,Most,14,583.57142857142856,580.78571428571433,2.7857142857142856,0.0056176463034575807,8170.0,8131.0,39.0,0.07864704824840613,23394.387755102034,23529.311224489797,38.596938775510218,0.00011274177677393293,207.0,204.0,0.0,0.0,676.0,676.0,25.0,0.041254125412541254
MWAR.csv,Method,All,14,583.57142857142856,563.85714285714289,19.714285714285715,0.035445551569330692,8170.0,7894.0,276.0,0.4962377219706297,23394.387755102034,26709.836734693868,3586.6326530612237,0.0097784623523562725,207.0,195.0,0.0,0.0,676.0,676.0,235.0,0.38778877887788776
MWAR.csv,File,Most,14,90.571428571428569,89.142857142857139,1.4285714285714286,0.022445009566736156,1268.0,1248.0,20.0,0.31423013393430616,1435.6734693877552,1480.4081632653063,4.8163265306122449,0.0010836814493427021,29.0,27.0,0.0,0.0,138.0,137.0,9.0,0.1232876712328767
MWAR.csv,File,All,14,90.571428571428569,86.5,4.0714285714285712,0.05833884293818703,1268.0,1211.0,57.0,0.8167438011346183,1435.6734693877552,1593.25,50.780612244897966,0.0096723853804083302,29.0,26.0,0.0,0.0,138.0,137.0,28.0,0.3835616438356164
MYFACES.csv,Method,Most,80,13213.6,13189.525,24.074999999999999,0.002450115865937292,1057088.0,1055162.0,1926.0,0.19600926927498344,17443344.914999999,17522622.099374998,1351.2693749999999,1.6409114246346966e-05,3920.0,3914.0,0.0,0.0,18514.0,18497.0,180.0,0.01888772298006296
MYFACES.csv,Method,All,80,13213.6,13021.4125,192.1875,0.018975465925721451,1057088.0,1041713.0,15375.0,1.5180372740577168,17443344.914999999,18029320.167343751,118834.62734375001,0.0012487125043862516,3920.0,3651.0,0.0,0.0,18514.0,18491.0,1651.0,0.17424325811777655
MYFACES.csv,File,Most,80,1700.4749999999999,1686.0125,14.4625,0.010866008161023641,136038.0,134881.0,1157.0,0.8692806528818909,287124.72437499999,290863.16234375001,430.02359374999997,0.00025562893267166043,441.0,423.0,0.0,0.0,2400.0,2387.0,109.0,0.08643933386201427
MYFACES.csv,File,All,80,1700.4749999999999,1639.4749999999999,61.0,0.041730793087806486,136038.0,131158.0,4880.0,3.3384634470245182,287124.72437499999,301450.02437500004,13467.549999999999,0.0054811587224116495,441.0,398.0,0.0,0.0,2400.0,2374.0,615.0,0.33951497860199714
NET.csv,Method,Most,20,1900.0999999999999,1885.3,14.800000000000001,0.0067548203931401454,38002.0,37706.0,296.0,0.13509640786280291,259795.78999999998,249811.21000000002,367.06,7.1993290225819505e-05,1389.0,1389.0,0.0,0.0,2729.0,2713.0,66.0,0.02906208718626156
NET.csv,Method,All,20,1900.0999999999999,1855.5999999999999,44.5,0.020130982749691856,38002.0,37112.0,890.0,0.4026196549938371,259795.78999999998,232908.73999999999,4954.25,0.00097169973323278321,1389.0,1389.0,0.0,0.0,2729.0,2692.0,291.0,0.12813738441215325
NET.csv,File,Most,20,425.05000000000001,416.10000000000002,8.9499999999999993,0.019804411418557166,8501.0,8322.0,179.0,0.3960882283711433,2615.7475000000004,2211.5900000000001,131.34749999999997,0.00064695251590993197,372.0,370.0,0.0,0.0,499.0,496.0,38.0,0.08067940552016985
NET.csv,File,All,20,425.05000000000001,408.75,16.300000000000001,0.035713129960541011,8501.0,8175.0,326.0,0.7142625992108202,2615.7475000000004,2032.7874999999999,542.91000000000008,0.0024918350954588123,372.0,350.0,0.0,0.0,499.0,496.0,88.0,0.17706237424547283
OAK.csv,Method,Most,228,38888.412280701756,38842.824561403511,45.587719298245617,0.0021395024652218044,8866558.0,8856164.0,10394.0,0.48780656207057144,152469742.73353338,153326179.41658974,7246.873884272085,3.3783916353936279e-05,4431.0,4357.0,0.0,0.0,56611.0,56600.0,807.0,0.04738573058594536
OAK.csv,Method,All,228,38888.412280701756,38610.771929824565,277.64035087719299,0.014122298034862826,8866558.0,8803256.0,63302.0,3.2198839519487255,152469742.73353338,157246480.7725454,248832.01977531551,0.0018529806693884739,4431.0,3043.0,0.0,0.0,56611.0,56539.0,3537.0,0.31324757391108105
OAK.csv,File,Most,228,4510.1140350877195,4489.5921052631575,20.521929824561404,0.0068834380040774818,1028306.0,1023627.0,4679.0,1.5694238649296661,1873920.0220837183,1900692.0573060941,553.63548399507533,0.00016341987951516433,602.0,556.0,0.0,0.0,6631.0,6620.0,151.0,0.09280885064535956
OAK.csv,File,All,228,4510.1140350877195,4435.644736842105,74.469298245614041,0.026583846616011379,1028306.0,1011327.0,16979.0,6.0611170284506,1873920.0220837183,1976570.1851915973,12510.319232840871,0.0038450424143660011,602.0,333.0,0.0,0.0,6631.0,6614.0,1000.0,0.446843853820598
OODT.csv,Method,Most,22,11304.181818181818,11289.136363636364,15.045454545454545,0.0014833964899977758,248692.0,248361.0,331.0,0.03263472277995107,2700972.330578513,2727178.9359504138,488.0433884297521,5.4524966281528411e-06,7211.0,7163.0,0.0,0.0,13459.0,13458.0,93.0,0.009290709290709291
OODT.csv,Method,All,22,11304.181818181818,11009.363636363636,294.81818181818181,0.02580849036069963,248692.0,242206.0,6486.0,0.5677867879353917,2700972.330578513,2883093.4132231404,408334.96694214863,0.0028207171903535662,7211.0,7024.0,0.0,0.0,13459.0,13454.0,2633.0,0.1957911957168352
OODT.csv,File,Most,22,2283.1363636363635,2272.7272727272725,10.409090909090908,0.0046358576910903474,50229.0,50000.0,229.0,0.10198886920398764,35441.845041322311,36116.652892561986,187.05991735537191,3.8847711817635646e-05,1824.0,1808.0,0.0,0.0,2583.0,2582.0,57.0,0.02627939142461964
OODT.csv,File,All,22,2283.1363636363635,2205.181818181818,77.954545454545453,0.032663493177225569,50229.0,48514.0,1715.0,0.7185968498989624,35441.845041322311,47085.512396694212,30540.316115702481,0.0047911129879776174,1824.0,1773.0,0.0,0.0,2583.0,2581.0,810.0,0.313588850174216
OOZIE.csv,Method,Most,13,8540.3076923076915,8471.3076923076915,69.0,0.007226789978940662,111024.0,110127.0,897.0,0.0939482697262286,5087593.7514792895,4908558.3668639055,3915.3846153846152,3.4484340412453994e-05,6186.0,6186.0,0.0,0.0,12243.0,12230.0,196.0,0.017973406694176984
OOZIE.csv,Method,All,13,8540.3076923076915,8031.7692307692305,508.53846153846155,0.052856734823631339,111024.0,104413.0,6611.0,0.6871375527072074,5087593.7514792895,3982422.7928994074,263603.32544378698,0.0027232582318573598,6186.0,6146.0,0.0,0.0,12243.0,12162.0,1516.0,0.17548327352702858
OOZIE.csv,File,Most,13,935.76923076923072,893.61538461538464,42.153846153846153,0.04216923042333294,12165.0,11617.0,548.0,0.5481999955033282,31998.331360946751,25862.082840236686,1149.6686390532543,0.0010509543085547325,740.0,686.0,0.0,0.0,1211.0,1201.0,94.0,0.08848715509039011
OOZIE.csv,File,All,13,935.76923076923072,767.38461538461536,168.38461538461539,0.16443453837987268,12165.0,9976.0,2189.0,2.137648998938345,31998.331360946751,24087.621301775151,27601.928994082842,0.02373608399376562,740.0,450.0,0.0,0.0,1211.0,1142.0,601.0,0.5718363463368221
OPENJPA.csv,Method,Most,26,37712.423076923078,37653.423076923078,59.0,0.0017093618696837956,980523.0,978989.0,1534.0,0.04444340861177867,65191978.397928998,65367429.782544382,5585.5384615384619,4.5493009994954682e-06,16766.0,16716.0,0.0,0.0,43810.0,43810.0,338.0,0.00935122423571725
OPENJPA.csv,Method,All,26,37712.423076923078,37218.576923076922,493.84615384615387,0.014371257773963253,980523.0,967683.0,12840.0,0.3736527021230445,65191978.397928998,67753574.167159781,634104.89940828411,0.00053061580742516125,16766.0,16520.0,0.0,0.0,43810.0,43810.0,3578.0,0.0989901784479181
OPENJPA.csv,File,Most,26,4227.0769230769229,4194.7692307692305,32.307692307692307,0.0085772876611940226,109904.0,109064.0,840.0,0.22300947919104458,979714.53254437877,992280.63905325416,1210.2130177514794,8.2760970388645171e-05,1625.0,1596.0,0.0,0.0,4972.0,4972.0,150.0,0.036567528035104824
OPENJPA.csv,File,All,26,4227.0769230769229,4103.9615384615381,123.11538461538461,0.031722591345288778,109904.0,106703.0,3201.0,0.8247873749775083,979714.53254437877,1024480.6523668637,20403.563609467452,0.0012907586923363397,1625.0,1553.0,0.0,0.0,4972.0,4972.0,596.0,0.1452949780594832
OPENMEETINGS.csv,Method,Most,4,5753.25,5747.0,6.25,0.001295494969013351,23013.0,22988.0,25.0,0.005181979876053404,741461.1875,752481.5,42.1875,1.9759016465464598e-06,4461.0,4446.0,0.0,0.0,6649.0,6649.0,15.0,0.0033624747814391394
OPENMEETINGS.csv,Method,All,4,5753.25,5714.5,38.75,0.0074621733823168092,23013.0,22858.0,155.0,0.029848693529267237,741461.1875,783823.25,2242.6875,7.4792051633537694e-05,4461.0,4422.0,0.0,0.0,6649.0,6649.0,116.0,0.021106259097525473
OPENMEETINGS.csv,File,Most,4,689.75,686.5,3.25,0.0051748229024501206,2759.0,2746.0,13.0,0.020699291609800483,8016.1875,8398.75,13.6875,3.1593931294129623e-05,552.0,548.0,0.0,0.0,776.0,776.0,9.0,0.013452914798206279
OPENMEETINGS.csv,File,All,4,689.75,669.5,20.25,0.032170013647884577,2759.0,2678.0,81.0,0.1286800545915383,8016.1875,10806.75,546.1875,0.0012525164273158248,552.0,528.0,0.0,0.0,776.0,776.0,57.0,0.08520179372197309
PDFBOX.csv,Method,Most,40,19686.575000000001,19683.325000000001,3.25,0.00016438067460225987,787463.0,787333.0,130.0,0.006575226984090395,1458.944375,1068.1693749999999,161.78749999999999,4.1242108961810082e-07,19671.0,19634.0,0.0,0.0,19853.0,19853.0,71.0,0.0035762856998942227
PDFBOX.csv,Method,All,40,19686.575000000001,19669.299999999999,17.274999999999999,0.00087536958256498115,787463.0,786772.0,691.0,0.035014783302599245,1458.944375,5648.5599999999995,5859.2993750000005,1.5078223350050969e-05,19671.0,19238.0,0.0,0.0,19853.0,19853.0,433.0,0.022012099029027503
PDFBOX.csv,File,Most,40,2613.0500000000002,2611.0749999999998,1.9750000000000001,0.00075571210986882223,104522.0,104443.0,79.0,0.03022848439475289,0.29749999999999999,63.119375000000005,64.324374999999989,9.4144340024776786e-06,2611.0,2571.0,0.0,0.0,2615.0,2615.0,44.0,0.016826003824091777
PDFBOX.csv,File,All,40,2613.0500000000002,2607.6999999999998,5.3499999999999996,0.0020475660159697843,104522.0,104308.0,214.0,0.08190264063879138,0.29749999999999999,494.66000000000003,492.32750000000004,7.2123389066808244e-05,2611.0,2502.0,0.0,0.0,2615.0,2615.0,109.0,0.04174645729605515
PIG.csv,Method,Most,23,15531.91304347826,15461.04347826087,70.869565217391298,0.0042890573569488322,357234.0,355604.0,1630.0,0.09864831920982316,3521298.3402646501,3366602.6502835536,3458.5482041587902,1.2961779360719993e-05,13355.0,13355.0,0.0,0.0,18961.0,18855.0,185.0,0.012686004251525749
PIG.csv,Method,All,23,15531.91304347826,15004.434782608696,527.47826086956525,0.031634491488289625,357234.0,345102.0,12132.0,0.7275933042306614,3521298.3402646501,2441996.7674858226,251483.2060491493,0.00088647933535489286,13355.0,13292.0,0.0,0.0,18961.0,17785.0,1591.0,0.10311082307193778
PIG.csv,File,Most,23,1660.5217391304348,1617.5217391304348,43.0,0.024574456223299602,38192.0,37203.0,989.0,0.5652124931358908,21556.945179584123,14363.379962192817,1089.6521739130435,0.00034033112946032585,1492.0,1469.0,0.0,0.0,1945.0,1875.0,94.0,0.050783360345759046
PIG.csv,File,All,23,1660.5217391304348,1525.695652173913,134.82608695652175,0.077306262239916546,38192.0,35091.0,3101.0,1.7780440315180805,21556.945179584123,11024.037807183366,14038.491493383741,0.004524797985996515,1492.0,1313.0,0.0,0.0,1945.0,1706.0,392.0,0.21948488241881298
QPID.csv,Method,Most,16,27273.3125,27152.125,121.1875,0.0048778638877250832,436373.0,434434.0,1939.0,0.07804582220360132,80581392.33984375,80507559.109375,7650.15234375,1.7428621837072712e-05,17473.0,17250.0,1.0,5.3421657139804475e-05,43339.0,43173.0,299.0,0.012928731702104925
QPID.csv,Method,All,16,27273.3125,24954.5625,2318.75,0.082943145973636778,436373.0,399273.0,37100.0,1.3270903355781882,80581392.33984375,67106177.37109375,4003609.6875,0.0045804289878578226,17473.0,13446.0,1.0,5.3421657139804475e-05,43339.0,41067.0,7643.0,0.23046986779602815
QPID.csv,File,Most,16,3293.0,3238.5,54.5,0.016607440073651364,52688.0,51816.0,872.0,0.2657190411784219,905405.125,876018.75,942.75,8.8077319110428705e-05,2285.0,2246.0,1.0,0.00039231071008238524,4962.0,4857.0,107.0,0.039052762775238885
QPID.csv,File,All,16,3293.0,2907.625,385.375,0.11188754528959631,52688.0,46522.0,6166.0,1.7902007246335412,905405.125,639305.609375,70572.109375,0.0049076913948047493,2285.0,1851.0,1.0,0.00039231071008238524,4962.0,4360.0,995.0,0.2309929372663066
RANGER.csv,Method,Most,6,13977.833333333334,13908.0,69.833333333333329,0.0049919082030830545,83867.0,83448.0,419.0,0.029951449218498325,553326.80555555562,549226.66666666663,1448.8055555555554,7.2767965349429186e-06,13104.0,13056.0,26.0,0.0018618259192765476,15039.0,15011.0,123.0,0.00861766972605619
RANGER.csv,Method,All,6,13977.833333333334,13499.0,478.83333333333331,0.03417631410428703,83867.0,80994.0,2873.0,0.20505788462572216,553326.80555555562,575957.33333333337,82811.138888888891,0.00039710191905202309,13104.0,12622.0,173.0,0.011503424429815811,15039.0,14866.0,1035.0,0.0725145379387655
RANGER.csv,File,Most,6,1458.3333333333333,1417.3333333333333,41.0,0.028077671719688335,8750.0,8504.0,246.0,0.16846603031813,1733.8888888888887,1902.2222222222219,398.66666666666669,0.00018316654204246965,1411.0,1377.0,18.0,0.012702893436838392,1517.0,1496.0,76.0,0.051560379918588875
RANGER.csv,File,All,6,1458.3333333333333,1316.0,142.33333333333334,0.09765340297783083,8750.0,7896.0,854.0,0.585920417866985,1733.8888888888887,4584.0,2900.8888888888891,0.0012991216094756484,1411.0,1254.0,54.0,0.035596572181938034,1517.0,1463.0,220.0,0.14925373134328357
REEF.csv,Method,Most,3,11905.0,11867.0,38.0,0.0031375516583857701,35715.0,35601.0,114.0,0.00941265497515731,50272.666666666664,35664.666666666664,1282.6666666666667,8.55084436910677e-06,11700.0,11700.0,0.0,0.0,12217.0,12131.0,86.0,0.007039371367766227
REEF.csv,Method,All,3,11905.0,11642.666666666666,262.33333333333331,0.02171021393756235,35715.0,34928.0,787.0,0.06513064181268705,50272.666666666664,4124.2222222222217,49110.888888888883,0.00032847903413586109,11700.0,11553.0,0.0,0.0,12217.0,11700.0,542.0,0.04436441024801506
REEF.csv,File,Most,3,3925.3333333333335,3891.3333333333335,34.0,0.0085879801097789362,11776.0,11674.0,102.0,0.02576394032933681,2507.5555555555557,843.55555555555566,658.66666666666663,4.1527730300163825e-05,3876.0,3866.0,0.0,0.0,3994.0,3932.0,62.0,0.015523284927391086
REEF.csv,File,All,3,3925.3333333333335,3790.0,135.33333333333334,0.034273376270242538,11776.0,11370.0,406.0,0.1028201288107276,2507.5555555555557,5234.0,9168.2222222222208,0.00058900766891227269,3876.0,3699.0,0.0,0.0,3994.0,3876.0,207.0,0.052995391705069124
SCM.csv,Method,Most,17,4273.2352941176468,4267.5294117647063,5.7058823529411766,0.0014926905437533916,72645.0,72548.0,97.0,0.025375739243807656,397115.12110726646,400070.95501730102,36.089965397923869,3.222847315579856e-06,2904.0,2886.0,0.0,0.0,4805.0,4790.0,18.0,0.006198347107438017
SCM.csv,Method,All,17,4273.2352941176468,4229.6470588235297,43.588235294117645,0.013438199536558912,72645.0,71904.0,741.0,0.2284493921215015,397115.12110726646,484361.40484429069,7814.3598615916953,0.00089865915807212408,2904.0,2618.0,0.0,0.0,4805.0,4758.0,364.0,0.12206572769953052
SCM.csv,File,Most,17,995.41176470588232,989.82352941176475,5.5882352941176467,0.0062216587192433833,16922.0,16827.0,95.0,0.10576819822713751,16344.712802768172,17096.145328719722,34.94809688581315,5.7461526766911901e-05,720.0,699.0,0.0,0.0,1090.0,1086.0,21.0,0.029166666666666667
SCM.csv,File,All,17,995.41176470588232,972.64705882352939,22.764705882352942,0.027767106535826688,16922.0,16535.0,387.0,0.4720408111090537,16344.712802768172,25013.993079584776,1909.8269896193776,0.0036125147958705941,720.0,542.0,0.0,0.0,1090.0,1086.0,190.0,0.25956284153005466
SCXML.csv,Method,Most,4,1382.0,1374.5,7.5,0.0052510125596011564,5528.0,5498.0,30.0,0.021004050238404626,9617.5,8856.25,29.25,1.3273227684014898e-05,1278.0,1278.0,0.0,0.0,1516.0,1501.0,15.0,0.009894459102902375
SCXML.csv,Method,All,4,1382.0,1356.5,25.5,0.01765972476018398,5528.0,5426.0,102.0,0.07063889904073592,9617.5,6554.25,358.25,0.00015421050692499797,1278.0,1278.0,0.0,0.0,1516.0,1463.0,53.0,0.03496042216358839
SCXML.csv,File,Most,4,174.0,167.5,6.5,0.036521973662584958,696.0,670.0,26.0,0.14608789465033983,59.5,25.25,21.25,0.00063420924691952405,166.0,160.0,0.0,0.0,184.0,173.0,13.0,0.07065217391304347
SCXML.csv,File,All,4,174.0,164.75,9.25,0.051920509236566943,696.0,659.0,37.0,0.20768203694626777,59.5,28.6875,51.6875,0.0015366803413712992,166.0,157.0,0.0,0.0,184.0,172.0,20.0,0.10869565217391304
SHIRO.csv,Method,Most,12,6862.5,6851.0,11.5,0.0015043470226005883,82350.0,82212.0,138.0,0.01805216427120706,889115.41666666663,869353.0,251.75,3.9735182840770326e-06,6111.0,6111.0,0.0,0.0,8339.0,8321.0,47.0,0.005806053119209388
SHIRO.csv,Method,All,12,6862.5,6778.416666666667,84.083333333333329,0.010896106476864396,82350.0,81341.0,1009.0,0.13075327772237275,889115.41666666663,756053.57638888899,22591.409722222219,0.00035762426702756772,6111.0,6111.0,0.0,0.0,8339.0,8196.0,535.0,0.06609017912291539
SHIRO.csv,File,Most,12,2108.0,2101.5,6.5,0.0026603164924769215,25296.0,25218.0,78.0,0.03192379790972306,86242.5,81841.083333333328,150.75,2.3954572028130411e-05,1885.0,1885.0,0.0,0.0,2557.0,2542.0,44.0,0.017614091273018415
SHIRO.csv,File,All,12,2108.0,2082.9166666666665,25.083333333333332,0.010418497033573809,25296.0,24995.0,301.0,0.1250219644028857,86242.5,72187.909722222234,1952.743055555555,0.00031868221525732134,1885.0,1885.0,0.0,0.0,2557.0,2503.0,156.0,0.06244995996797438
SMXCOMP.csv,Method,Most,104,7478.4230769230771,7478.2980769230771,0.125,1.6399094236767519e-05,777756.0,777743.0,13.0,0.001705505800623822,1926.2825443786983,1890.3438424556214,0.51322115384615385,8.8286753114872721e-09,7471.0,7470.0,0.0,0.0,7821.0,7818.0,6.0,0.0007881255746748983
SMXCOMP.csv,Method,All,104,7478.4230769230771,7477.9038461538457,0.51923076923076927,6.8065133884717081e-05,777756.0,777702.0,54.0,0.007078773924010576,1926.2825443786983,1780.2599852071007,11.307322485207099,1.9467145831594824e-07,7471.0,7470.0,0.0,0.0,7821.0,7810.0,31.0,0.004071982135820307
SMXCOMP.csv,File,Most,104,1026.8076923076924,1026.7115384615386,0.096153846153846159,9.2652037946794531e-05,106788.0,106778.0,10.0,0.009635811946466632,26.809171597633132,24.916789940828405,0.2599852071005917,2.4167573219872394e-07,1026.0,1024.0,0.0,0.0,1066.0,1064.0,4.0,0.003861003861003861
SMXCOMP.csv,File,All,104,1026.8076923076924,1026.5288461538462,0.27884615384615385,0.00026885577579267714,106788.0,106759.0,29.0,0.02796100068243842,26.809171597633132,22.979937130177518,2.0664755917159763,1.926220677877775e-06,1026.0,1017.0,0.0,0.0,1066.0,1060.0,9.0,0.008771929824561403
STANBOL.csv,Method,Most,11,17191.454545454544,17158.81818181818,32.636363636363633,0.0017480199436419167,189106.0,188747.0,359.0,0.019228219380061085,3420580.2479338851,3321582.330578512,2566.413223140496,6.9818255700598446e-06,15441.0,15436.0,0.0,0.0,19285.0,19285.0,156.0,0.008204480908804039
STANBOL.csv,Method,All,11,17191.454545454544,16504.727272727272,686.72727272727275,0.036459964759945868,189106.0,181552.0,7554.0,0.40105961235940457,3420580.2479338851,3607632.0165289263,2501058.9256198341,0.0068905832644083238,15441.0,13431.0,0.0,0.0,19285.0,19285.0,5583.0,0.2936257494477753
STANBOL.csv,File,Most,11,3131.909090909091,3097.7272727272725,34.18181818181818,0.010666743634779067,34451.0,34075.0,376.0,0.11733417998256974,29417.355371900831,27077.652892561979,3165.2396694214872,0.00030023031018037381,2967.0,2874.0,0.0,0.0,3324.0,3324.0,188.0,0.05674615152429822
STANBOL.csv,File,All,11,3131.909090909091,2958.4545454545455,173.45454545454547,0.052890959634260271,34451.0,32543.0,1908.0,0.581800555976863,29417.355371900831,69730.066115702488,92641.520661157032,0.0084017948331567803,2967.0,2261.0,0.0,0.0,3324.0,3324.0,1052.0,0.31753697555086025
STRATOS.csv,Method,Most,5,26307.599999999999,26298.799999999999,8.8000000000000007,0.00034129015240203452,131538.0,131494.0,44.0,0.0017064507620101726,1502317.04,1511419.3600000001,47.359999999999999,7.1381098537603745e-08,25429.0,25418.0,1.0,3.4806822137138876e-05,28730.0,28729.0,21.0,0.0008116255700703409
STRATOS.csv,Method,All,5,26307.599999999999,26114.0,193.59999999999999,0.0075577609839607377,131538.0,130570.0,968.0,0.03778880491980369,1502317.04,1797155.2,29406.639999999996,4.5753009468197379e-05,25429.0,24923.0,13.0,0.00045248868778280545,28730.0,28717.0,506.0,0.019898541035825237
STRATOS.csv,File,Most,5,4083.4000000000001,4078.4000000000001,5.0,0.0012536642076905404,20417.0,20392.0,25.0,0.006268321038452702,44151.439999999995,45115.839999999997,15.6,9.7030191013868618e-07,3941.0,3936.0,0.0,0.0,4500.0,4500.0,12.0,0.0029955067398901645
STRATOS.csv,File,All,5,4083.4000000000001,4039.5999999999999,43.799999999999997,0.010977331650425982,20417.0,20198.0,219.0,0.05488665825212991,44151.439999999995,53139.040000000001,1046.1600000000001,6.7911819967162373e-05,3941.0,3847.0,9.0,0.002,4500.0,4491.0,94.0,0.023851814260340016
STREAMS.csv,Method,Most,3,4016.3333333333335,3909.3333333333335,107.0,0.028174781668290721,12049.0,11728.0,321.0,0.08452434500487216,618763.55555555562,634134.22222222213,5650.666666666667,0.00032617061627122175,2905.0,2794.0,13.0,0.0028169014084507044,4615.0,4602.0,197.0,0.043497460808125415
STREAMS.csv,Method,All,3,4016.3333333333335,2954.3333333333335,1062.0,0.26892303644219767,12049.0,8863.0,3186.0,0.8067691093265931,618763.55555555562,1149133.5555555557,716440.66666666663,0.034061703395206415,2905.0,2063.0,153.0,0.03315276273022752,4615.0,4462.0,2191.0,0.48377125193199383
STREAMS.csv,File,Most,3,731.33333333333337,681.33333333333337,50.0,0.072761382210517714,2194.0,2044.0,150.0,0.21828414663155316,15606.888888888891,18350.222222222223,744.66666666666663,0.0016457540134836969,555.0,496.0,13.0,0.015681544028950542,829.0,816.0,78.0,0.1063063063063063
STREAMS.csv,File,All,3,731.33333333333337,493.66666666666669,237.66666666666666,0.34263427078063186,2194.0,1481.0,713.0,1.0279028123418956,15606.888888888891,37603.555555555555,15446.888888888889,0.03212513855725186,555.0,291.0,74.0,0.08926417370325694,829.0,755.0,375.0,0.4756756756756757
SYNAPSE.csv,Method,Most,8,15827.25,15782.375,44.875,0.0024280241242652964,126618.0,126259.0,359.0,0.01942419299412237,54279012.6875,53946582.734375,2556.109375,7.486730336930385e-06,8252.0,8252.0,0.0,0.0,26824.0,26823.0,137.0,0.007908104363888247
SYNAPSE.csv,Method,All,8,15827.25,15491.875,335.375,0.018802997241917623,126618.0,123935.0,2683.0,0.15042397793534099,54279012.6875,52350065.359375,207746.234375,0.00067754235505022463,8252.0,8252.0,0.0,0.0,26824.0,26823.0,1359.0,0.07844608635419072
SYNAPSE.csv,File,Most,8,3250.875,3220.0,30.875,0.0081936205826839848,26007.0,25760.0,247.0,0.06554896466147186,1729496.609375,1686692.0,1248.109375,8.522628968129127e-05,1916.0,1916.0,0.0,0.0,5215.0,5214.0,95.0,0.026866515837104074
SYNAPSE.csv,File,All,8,3250.875,3149.5,101.375,0.028596663790971956,26007.0,25196.0,811.0,0.22877331032777562,1729496.609375,1637235.0,13903.484375,0.0011849015292461785,1916.0,1916.0,0.0,0.0,5215.0,5213.0,325.0,0.09191176470588236
SYNCOPE.csv,Method,Most,71,12901.267605633802,12892.014084507042,9.2535211267605639,0.00059813036973725665,915990.0,915333.0,657.0,0.04246725625134524,62232299.210077383,62112280.464590371,539.45685379884947,1.4792910074516217e-06,6464.0,6464.0,0.0,0.0,27704.0,27704.0,159.0,0.005871275063697796
SYNCOPE.csv,Method,All,71,12901.267605633802,12816.676056338029,84.591549295774641,0.0060558314181048487,915990.0,909984.0,6006.0,0.4299640306854443,62232299.210077383,61561771.880975991,38682.607815909549,0.00018232290027653467,6464.0,6464.0,0.0,0.0,27704.0,27704.0,1101.0,0.07144503341783821
SYNCOPE.csv,File,Most,71,2062.9577464788731,2059.3661971830984,3.591549295774648,0.0018281807388425956,146470.0,146215.0,255.0,0.12980083245782426,2039241.5615949216,2035261.584209482,35.706407458837546,1.4415910849808587e-05,932.0,932.0,0.0,0.0,4685.0,4685.0,27.0,0.022537562604340568
SYNCOPE.csv,File,All,71,2062.9577464788731,2028.7464788732395,34.2112676056338,0.015575069787970961,146470.0,144041.0,2429.0,1.1058299549459387,2039241.5615949216,1987168.1329101371,5370.4483237452896,0.00098888642311946006,932.0,928.0,0.0,0.0,4685.0,4685.0,397.0,0.16733067729083664
TIKA.csv,Method,Most,26,4747.8076923076924,4701.0,46.807692307692307,0.010036801579119283,123443.0,122226.0,1217.0,0.2609568410571014,5458968.0784023665,5397217.615384615,1648.7707100591715,8.9647854396771693e-05,1804.0,1804.0,0.0,0.0,8816.0,8802.0,166.0,0.034755829300483945
TIKA.csv,Method,All,26,4747.8076923076924,4463.3461538461543,284.46153846153845,0.057626420236802929,123443.0,116047.0,7396.0,1.4982869261568768,5458968.0784023665,5000927.9955621306,106853.71005917157,0.0039417976326904906,1804.0,1804.0,0.0,0.0,8816.0,8709.0,1391.0,0.23789051304098596
TIKA.csv,File,Most,26,760.03846153846155,730.26923076923072,29.76923076923077,0.039266764496511168,19761.0,18987.0,774.0,1.0209358769092904,104096.26775147929,99349.735207100603,593.56213017751475,0.0012021798194649152,368.0,368.0,0.0,0.0,1302.0,1293.0,95.0,0.1284246575342466
TIKA.csv,File,All,26,760.03846153846155,678.38461538461536,81.65384615384616,0.10189152699824376,19761.0,17638.0,2123.0,2.649179701954338,104096.26775147929,87236.928994082831,5459.3032544378711,0.0076836867163828154,368.0,344.0,0.0,0.0,1302.0,1280.0,284.0,0.285958904109589
TOBAGO.csv,Method,Most,87,14810.252873563219,14787.218390804597,23.03448275862069,0.0015777653385229845,1288492.0,1286488.0,2004.0,0.1372655844514996,15590648.694675654,15575040.975293957,2581.619500594531,1.3467417737606374e-05,7158.0,7158.0,0.0,0.0,19397.0,19397.0,420.0,0.03142301361663923
TOBAGO.csv,Method,All,87,14810.252873563219,14668.781609195403,141.4712643678161,0.0097760959771051575,1288492.0,1276184.0,12308.0,0.8505203500081487,15590648.694675654,15470263.687937642,40864.203197251954,0.00017657949073033503,7158.0,7158.0,0.0,0.0,19397.0,19397.0,1111.0,0.07157843770174306
TOBAGO.csv,File,Most,87,3133.1149425287358,3122.5862068965516,10.528735632183908,0.003178069627595381,272581.0,271665.0,916.0,0.27649205760079815,617423.06724798516,611099.18509710673,198.54802483815558,1.4338859346532758e-05,1619.0,1619.0,0.0,0.0,3951.0,3951.0,103.0,0.027034120734908136
TOBAGO.csv,File,All,87,3133.1149425287358,3054.4827586206898,78.632183908045974,0.024701296589994051,272581.0,265740.0,6841.0,2.149012803329483,617423.06724798516,602544.45659928652,15551.40494120756,0.0013736690568750738,1619.0,1619.0,0.0,0.0,3951.0,3951.0,877.0,0.24879432624113476
TREQ.csv,Method,Most,8,1767.375,1762.25,5.125,0.0029134457247244699,14139.0,14098.0,41.0,0.023307565797795762,63.984375,285.4375,136.609375,4.4210628333299797e-05,1757.0,1722.0,0.0,0.0,1785.0,1784.0,36.0,0.020477815699658702
TREQ.csv,Method,All,8,1767.375,1764.375,3.0,0.001694853773248322,14139.0,14115.0,24.0,0.013558830185986576,63.984375,55.984375,8.5,2.699966273565837e-06,1757.0,1754.0,0.0,0.0,1785.0,1778.0,8.0,0.004527447651386531
TREQ.csv,File,Most,8,300.375,299.875,0.5,0.0016625138427464009,2403.0,2399.0,4.0,0.013300110741971207,0.234375,0.109375,0.25,2.7639637746210799e-06,300.0,299.0,0.0,0.0,301.0,300.0,1.0,0.0033333333333333335
TREQ.csv,File,All,8,300.375,299.625,0.75,0.0024958471760797339,2403.0,2397.0,6.0,0.019966777408637875,0.234375,0.484375,0.4375,4.8542184811548559e-06,300.0,298.0,0.0,0.0,301.0,300.0,2.0,0.006666666666666667
USERGRID.csv,Method,Most,20,14526.15,14518.049999999999,8.0999999999999996,0.00050312364422865964,290523.0,290361.0,162.0,0.010062472884573192,5373174.2274999991,5340798.147499999,179.09,5.7090310115557532e-07,11703.0,11688.0,0.0,0.0,19172.0,19129.0,48.0,0.002770722696836758
USERGRID.csv,Method,All,20,14526.15,14427.35,98.799999999999997,0.0063829215002902395,290523.0,288547.0,1976.0,0.1276584300058048,5373174.2274999991,5112022.3275000006,25050.560000000005,7.9827225988209489e-05,11703.0,11582.0,0.0,0.0,19172.0,18558.0,701.0,0.03656373878572919
USERGRID.csv,File,Most,20,2261.1500000000001,2256.5500000000002,4.5999999999999996,0.0019119438224608984,45223.0,45131.0,92.0,0.038238876449217966,109144.22749999999,107222.74749999998,45.539999999999999,6.6986373566926037e-06,1796.0,1786.0,0.0,0.0,2966.0,2940.0,26.0,0.008766014834794335
USERGRID.csv,File,All,20,2261.1500000000001,2224.9499999999998,36.200000000000003,0.01487124718999068,45223.0,44499.0,724.0,0.29742494379981366,109144.22749999999,95244.947499999995,3285.8599999999997,0.00044574094720505606,1796.0,1753.0,0.0,0.0,2966.0,2843.0,240.0,0.08091706001348618
VFS.csv,Method,Most,4,5421.5,5402.25,19.25,0.0042972629785295452,21686.0,21609.0,77.0,0.01718905191411818,3273782.25,3300566.1875,168.6875,1.0077719277421302e-05,3668.0,3636.0,3.0,0.0003624501631025734,8277.0,8274.0,32.0,0.008724100327153763
VFS.csv,Method,All,4,5421.5,5316.5,105.0,0.025851897113589588,21686.0,21266.0,420.0,0.10340758845435835,3273782.25,3539871.25,7489.5,0.00059802093454924235,3668.0,3426.0,2.0,0.00024163344206838228,8277.0,8275.0,242.0,0.06597600872410032
VFS.csv,File,Most,4,1033.25,1020.75,12.5,0.015274274160668466,4133.0,4083.0,50.0,0.06109709664267386,72201.6875,76484.1875,77.25,0.00018642811753965115,670.0,645.0,2.0,0.001401541695865452,1427.0,1425.0,25.0,0.03731343283582089
VFS.csv,File,All,4,1033.25,983.0,50.25,0.058464546727201756,4133.0,3932.0,201.0,0.23385818690880703,72201.6875,86662.5,817.1875,0.0014708134109212029,670.0,597.0,2.0,0.001401541695865452,1427.0,1425.0,73.0,0.10895522388059702
WHIRR.csv,Method,Most,4,1579.5,1575.0,4.5,0.0028691845487433636,6318.0,6300.0,18.0,0.011476738194973454,15786.25,15853.5,25.25,9.7551836922402795e-06,1370.0,1367.0,0.0,0.0,1699.0,1697.0,13.0,0.008109794135995009
WHIRR.csv,Method,All,4,1579.5,1536.5,43.0,0.027045796831370372,6318.0,6146.0,172.0,0.10818318732548149,15786.25,19370.25,4652.5,0.0018015421027968344,1370.0,1361.0,0.0,0.0,1699.0,1697.0,161.0,0.10043668122270742
WHIRR.csv,File,Most,4,299.75,297.0,2.75,0.0091859026559759464,1199.0,1188.0,11.0,0.036743610623903786,548.1875,549.0,6.6875,7.0152570647821208e-05,260.0,258.0,0.0,0.0,320.0,318.0,7.0,0.02280130293159609
WHIRR.csv,File,All,4,299.75,282.75,17.0,0.056633284264595345,1199.0,1131.0,68.0,0.22653313705838138,548.1875,1044.6875,544.5,0.0057201215257317696,260.0,250.0,0.0,0.0,320.0,318.0,57.0,0.18566775244299674
XMLBEANS.csv,Method,Most,13,12637.153846153846,12633.153846153846,4.0,0.00031596789614317855,164283.0,164231.0,52.0,0.004107582649861321,116029.5147928994,115795.36094674558,24.0,1.4780681700820446e-07,12009.0,12000.0,0.0,0.0,13113.0,13111.0,15.0,0.0011562475911508518
XMLBEANS.csv,Method,All,13,12637.153846153846,12605.692307692309,31.46153846153846,0.002495723054627602,164283.0,163874.0,409.0,0.032444399710158826,116029.5147928994,119024.36686390535,1571.1715976331361,9.8467300649933112e-06,12009.0,11945.0,0.0,0.0,13113.0,13110.0,107.0,0.008549740311626048
XMLBEANS.csv,File,Most,13,1490.0,1486.6153846153845,3.3846153846153846,0.0022532514042747612,19370.0,19326.0,44.0,0.029292268255571897,4711.2307692307695,4622.5443786982241,14.54437869822485,6.4063721608688246e-06,1385.0,1377.0,0.0,0.0,1576.0,1575.0,11.0,0.00707395498392283
XMLBEANS.csv,File,All,13,1490.0,1480.4615384615386,9.5384615384615383,0.0063745677604969877,19370.0,19246.0,124.0,0.08286938088646084,4711.2307692307695,4641.4792899408285,105.32544378698223,4.6760993572538289e-05,1385.0,1366.0,0.0,0.0,1576.0,1573.0,31.0,0.019935691318327974
